node_id_from,node_id_target,distance,level,has_stairs,is_accessible,is_indoor
87e47b4f-63a0-420b-b2cf-d9890c6974eb,620ac2c6-66a8-4afe-8eda-b2b5fc298f7d,0.00041396471151034566,1,false,false,false
620ac2c6-66a8-4afe-8eda-b2b5fc298f7d,a7b24fbf-3148-4324-a60e-1ef1b49a6d6e,0.00012462533625752826,1,true,true,false
a7b24fbf-3148-4324-a60e-1ef1b49a6d6e,2c5c0ade-6274-492a-ae54-53fc2dea9778,0.00015507710596919034,1,false,false,false
2c5c0ade-6274-492a-ae54-53fc2dea9778,ab9d6328-16c5-4d3c-9c75-6cc9fd434413,0.00032785049146691185,1,false,false,false
ab9d6328-16c5-4d3c-9c75-6cc9fd434413,a0077958-3831-4e9f-b35d-06299192d88b,0.0004723944454589723,1,false,false,false
a0077958-3831-4e9f-b35d-06299192d88b,cc732805-70ef-426d-908d-7b896ad5a70c,0.00013975024953182455,1,false,false,false
cc732805-70ef-426d-908d-7b896ad5a70c,a3d001bb-440e-4097-9593-b0c7b6d51f67,0.00030040740966796875,1,false,false,false
c96274a6-d8f7-468b-b57b-29365c8945a2,87e47b4f-63a0-420b-b2cf-d9890c6974eb,0.00034066255362341874,1,false,false,false
49d63cca-670d-4acd-b650-8b877f59893f,535e0e10-147c-4e8d-8f69-11cbe5bce640,0.0004670518890432217,1,false,false,false
535e0e10-147c-4e8d-8f69-11cbe5bce640,9f494f6a-1fd4-4118-b2a0-d4fd3e15a88c,0.0004722520033092447,1,false,false,false
e448fa00-e9fd-443d-b954-36516af4df42,49d63cca-670d-4acd-b650-8b877f59893f,0.0003271715574577118,1,false,false,false
b9f23025-4ea0-4e8b-87a0-785b1c5b520b,e448fa00-e9fd-443d-b954-36516af4df42,0.0003045441208029264,1,false,false,false
eec0dd71-9c90-4853-9b89-0e72b5f5078a,b9f23025-4ea0-4e8b-87a0-785b1c5b520b,0.0001435527626601104,1,false,false,false
4bdc5fce-267c-4687-80d1-b0fb4dad7641,eec0dd71-9c90-4853-9b89-0e72b5f5078a,0.00023818045952376485,1,false,false,false
2c53a00f-3c91-4414-8dc2-00402c75be37,4bdc5fce-267c-4687-80d1-b0fb4dad7641,0.000138882459382692,1,false,false,false
45db9cf5-0c2a-45e6-9b0b-bbd978b273a6,2c53a00f-3c91-4414-8dc2-00402c75be37,0.0005771091830688375,1,false,false,false
dbf3151f-ff42-4878-8398-85a9df743380,feb3589e-e83b-4b73-b3a1-e364c5111bbb,0.0006638769871348744,1,false,false,false
37143259-1f7a-4fd8-840b-bf0bc694b06b,dbf3151f-ff42-4878-8398-85a9df743380,0.0002252596154139184,1,false,false,false
409409b4-730a-485e-aeeb-69f284cbbd16,37143259-1f7a-4fd8-840b-bf0bc694b06b,0.0001920868532160228,1,false,false,false
79f3499d-25b0-4cf4-89b6-44971a236179,dacc1e6c-317d-4099-b524-7dd2e9c6af31,0.00016015927260066852,1,false,false,false
543b1730-7df2-45fc-bdbf-7c7f9fb755b8,57dbbd9d-ef79-4551-b5f9-ef53159d20ce,0.0003488430311019201,1,false,false,false
5e2437ec-90a1-4fca-a146-24a60effb3a9,543b1730-7df2-45fc-bdbf-7c7f9fb755b8,0.00015148864532235658,1,false,false,false
f1e5c16b-1689-41ea-a0f3-ea95a0d28a8c,5e2437ec-90a1-4fca-a146-24a60effb3a9,0.00010869337342050766,1,false,false,false
18ebe718-b339-4e2e-9795-8de41da8665a,f1e5c16b-1689-41ea-a0f3-ea95a0d28a8c,0.0001020181986649045,1,false,false,false
f45273a0-0bd7-45c4-9ef6-640f08061e54,18ebe718-b339-4e2e-9795-8de41da8665a,0.00034402192221295327,1,false,false,false
f5d124fd-02cc-4a44-aaae-7c9b943d5bee,f45273a0-0bd7-45c4-9ef6-640f08061e54,0.00008058562810912273,1,false,false,false
254f2919-fc66-4610-8e4e-7703cf9087f0,f5d124fd-02cc-4a44-aaae-7c9b943d5bee,0.0001986770691697919,1,false,false,false
65515b74-2239-42da-9397-66dd8fb1c1a6,254f2919-fc66-4610-8e4e-7703cf9087f0,0.00024175688417544177,1,false,false,false
f5128225-65f1-435f-b4b5-d31bb0aac130,65515b74-2239-42da-9397-66dd8fb1c1a6,0.00010603970293348944,1,false,false,false
c34db2c4-5b78-4889-8e85-56da7a736f14,f5128225-65f1-435f-b4b5-d31bb0aac130,0.00020136190919543264,1,false,false,false
f7b2286d-828e-4e34-8ce2-4e1975be5236,c34db2c4-5b78-4889-8e85-56da7a736f14,0.000053265004230182494,1,false,false,false
3274debc-647d-4242-a001-ebaecb0d7309,f7b2286d-828e-4e34-8ce2-4e1975be5236,0.0002268828191071971,1,false,false,false
0baa3a17-bf7e-49ad-b65d-a55323016ebd,3274debc-647d-4242-a001-ebaecb0d7309,0.0002905372118088153,1,false,false,false
ba488f22-06e1-430d-8927-96797ebc6752,0baa3a17-bf7e-49ad-b65d-a55323016ebd,0.00036919774555765786,1,false,false,false
f696606d-2636-473f-b046-2a2c614cb717,ba488f22-06e1-430d-8927-96797ebc6752,0.00029804400755449253,1,false,false,false
78681cad-ceac-48a4-b933-3005a2154425,f696606d-2636-473f-b046-2a2c614cb717,0.0002471135271315174,1,false,false,false
29b7599a-8f9b-424e-a8be-75e7b5bbfc70,78681cad-ceac-48a4-b933-3005a2154425,0.0003336326266128966,1,false,false,false
c34db2c4-5b78-4889-8e85-56da7a736f14,630c783b-b95c-4a08-a3b6-b3ebd82fa633,0.00019213613521981923,1,false,false,false
e118ea82-fdb4-4b31-9b6c-d8be10a9b543,5c77e195-9e0a-4ba9-8aef-3d379eba9dc7,0.00013212991398362767,1,false,false,false
5c77e195-9e0a-4ba9-8aef-3d379eba9dc7,c5193adb-efd1-41be-b087-57a4bdab9151,0.0002167604817581633,1,false,false,false
c5193adb-efd1-41be-b087-57a4bdab9151,2d934ab1-0246-4dae-ad00-7e158f5d9c68,0.00037037847455279624,1,false,false,false
2d934ab1-0246-4dae-ad00-7e158f5d9c68,709fe29b-621b-4ccb-b6a7-73f3a1c7ab1c,0.0002413420348071625,1,false,false,false
709fe29b-621b-4ccb-b6a7-73f3a1c7ab1c,3e62cdf2-d2e8-44b5-b297-a6053c6f54dc,0.00014237938089777994,1,false,false,false
b32cec03-c0e8-4e4b-a101-b9a3cd7011e8,6e1c4bf4-b701-4fd5-afd5-e79ca806700f,0.0007456147228125817,1,false,false,false
e448fa00-e9fd-443d-b954-36516af4df42,5270e196-d1fc-4c1b-802a-00cea39d3c8b,0.0003467675391070164,2,false,false,false
5270e196-d1fc-4c1b-802a-00cea39d3c8b,b51df09e-42a4-457a-a251-f8a028649848,0.0002988140560593199,2,false,false,false
b51df09e-42a4-457a-a251-f8a028649848,2c53a00f-3c91-4414-8dc2-00402c75be37,0.00018676603613536547,2,false,false,false
e118ea82-fdb4-4b31-9b6c-d8be10a9b543,15435642-fdc6-42b1-bad8-a64a04731a92,0.00010833810708317751,1,false,false,false
d3788cb0-b2e9-4c1e-9581-306536c89e1f,e118ea82-fdb4-4b31-9b6c-d8be10a9b543,0.000680536809064032,1,false,false,false
6d3c05b6-dfa0-4dbc-91e5-06461b2f22de,d3788cb0-b2e9-4c1e-9581-306536c89e1f,0.00045703468287989514,1,false,false,false
855968a5-edf0-49a6-bbea-cb938863528c,6d3c05b6-dfa0-4dbc-91e5-06461b2f22de,0.00010331044950533039,1,false,false,false
29b7599a-8f9b-424e-a8be-75e7b5bbfc70,855968a5-edf0-49a6-bbea-cb938863528c,0.00014767042976643956,1,false,false,false
61ae3c16-3e7f-4140-967a-0f0a0f5ca074,29b7599a-8f9b-424e-a8be-75e7b5bbfc70,0.00019711565800867916,1,false,false,false
257c4f23-9fe2-4677-a356-6a95a25353a2,61ae3c16-3e7f-4140-967a-0f0a0f5ca074,0.0001740186148193905,1,false,false,false
d721cd0b-0a80-464a-a447-c16e7bce7a4e,257c4f23-9fe2-4677-a356-6a95a25353a2,0.00007202635611014199,1,false,false,false
15435642-fdc6-42b1-bad8-a64a04731a92,65b354fd-fed9-41c8-a876-97696b650f8b,0.00008625185863207764,1,false,false,false
65b354fd-fed9-41c8-a876-97696b650f8b,a3d001bb-440e-4097-9593-b0c7b6d51f67,0.00014179716874683992,1,false,false,false
c96274a6-d8f7-468b-b57b-29365c8945a2,c34db2c4-5b78-4889-8e85-56da7a736f14,0.0003841852558601915,2,true,true,false
543b1730-7df2-45fc-bdbf-7c7f9fb755b8,59d53103-aac7-4b88-91f9-b4ed5386dcf3,0.0001220500672972556,2,false,false,false
59d53103-aac7-4b88-91f9-b4ed5386dcf3,58d82d69-1dcd-4b4e-9617-24c657ac7b03,0.0001244733993450622,3,false,false,false
58d82d69-1dcd-4b4e-9617-24c657ac7b03,2b072493-7cfa-4815-9b78-ebf0533efd7e,0.00018841282418590464,3,false,false,false
8ceb1780-91e1-41ba-b687-1258b992a61f,feb3589e-e83b-4b73-b3a1-e364c5111bbb,0.000496167051515861,1,false,false,false
dc709b69-cee2-4785-86b2-40750ad1877a,8ceb1780-91e1-41ba-b687-1258b992a61f,0.00023558890842977065,1,false,false,false
fbe327de-0346-43fd-a816-eff0cd1b3d4c,157730d7-ee26-486f-a0f0-03f672c26225,0.00015031103390175717,1,false,false,false
a7b24fbf-3148-4324-a60e-1ef1b49a6d6e,402977dd-883f-4762-adf1-622beca66253,0.0006759118283969176,1,false,false,false
fb29432a-447e-4729-8527-c3ef135f2c7e,57dbbd9d-ef79-4551-b5f9-ef53159d20ce,0.00021392235400761116,2,false,false,false
5e2437ec-90a1-4fca-a146-24a60effb3a9,58696569-3738-4fe9-abf4-5f6a6782819f,0.00021474572089334664,2,false,false,false
4c56a6f7-fc82-4318-b8b5-5ddd58c8fd2d,719fc5d4-f704-4f64-8b49-0cc1d187caa1,0.00023300843734660093,1,false,false,false
8b53c627-ffed-4464-b408-c894c2773d0a,4c56a6f7-fc82-4318-b8b5-5ddd58c8fd2d,0.00027794365141806126,1,false,false,false
1cb0246c-be16-4cb8-bb98-84db79a05ad7,8b53c627-ffed-4464-b408-c894c2773d0a,0.000136212072496388,1,false,false,false
930b28bf-0821-4703-a64e-e54d99a0fa40,1cb0246c-be16-4cb8-bb98-84db79a05ad7,0.00034024314031155816,1,false,false,false
3257d63d-2ea7-489a-8a17-56079f0a4c8d,930b28bf-0821-4703-a64e-e54d99a0fa40,0.000172554885548156,1,false,false,false
9b84b47b-897a-4db4-8fc3-de241d17452a,3257d63d-2ea7-489a-8a17-56079f0a4c8d,0.00010201819728404422,1,false,false,false
ba9f42d6-b6f8-4291-98ed-42b977af6c74,9b84b47b-897a-4db4-8fc3-de241d17452a,0.00003280121296647043,1,false,false,false
719fc5d4-f704-4f64-8b49-0cc1d187caa1,633481b7-f631-4ea2-b034-a827af5cc573,0.00014311194951899549,2,false,false,false
633481b7-f631-4ea2-b034-a827af5cc573,84e6c24a-2034-4038-af34-377a01283574,0.00010173943032756385,2,false,false,false
84e6c24a-2034-4038-af34-377a01283574,f0c361a8-3731-4899-8e2e-b6053660dff7,0.00009964372185455372,2,false,false,false
719fc5d4-f704-4f64-8b49-0cc1d187caa1,630c783b-b95c-4a08-a3b6-b3ebd82fa633,0.00017360342999507415,1,false,false,false
6e1c4bf4-b701-4fd5-afd5-e79ca806700f,7ce57bab-2faa-437c-a38a-21526de4940d,0.0001737382049028604,2,false,false,false
7ce57bab-2faa-437c-a38a-21526de4940d,4ea00c1c-8564-4b7c-8091-80ec104775cb,0.0001727170899691043,2,false,false,false
4ea00c1c-8564-4b7c-8091-80ec104775cb,624da1cf-844f-404c-aad4-a54cdd8e6fbf,0.00010804971882203386,2,false,false,false
624da1cf-844f-404c-aad4-a54cdd8e6fbf,c59873d1-7e79-4ffa-8a8e-51931660e070,0.00013847445285466442,2,false,false,false
c59873d1-7e79-4ffa-8a8e-51931660e070,19ef9b96-b28c-46f9-884a-bececc2ad7bb,0.00012083266533962194,2,false,false,false
19ef9b96-b28c-46f9-884a-bececc2ad7bb,bf4477ec-f85e-4e97-afde-95876b2d79d8,0.00013646869118481744,2,false,false,false
bf4477ec-f85e-4e97-afde-95876b2d79d8,84919af8-07d5-4e54-a25e-a2892791d22a,0.0002633856572406468,2,false,false,false
267388a7-708f-4291-8960-371d424edaa5,dbf3151f-ff42-4878-8398-85a9df743380,0.0003000761418853849,2,true,true,false
3fd34676-e236-4e2e-8793-8736735093e1,9201c41e-16a1-48ab-9ec0-c2a6814acd0b,0.00016227974604645916,4,false,false,true
9201c41e-16a1-48ab-9ec0-c2a6814acd0b,cbbd52c7-0612-480e-a0fd-76d17e12ec3d,0.00021475977422429096,4,false,false,true
a2699995-7d76-4bc2-99a4-f5b23059d944,cbbd52c7-0612-480e-a0fd-76d17e12ec3d,0.00012709065573218947,4,false,false,true
a2699995-7d76-4bc2-99a4-f5b23059d944,14eabd3c-40f9-4ec8-903e-deb2e26fd3ce,0.00019381814195063173,4,false,false,true
14eabd3c-40f9-4ec8-903e-deb2e26fd3ce,3fd34676-e236-4e2e-8793-8736735093e1,0.0001524915550435752,4,false,false,true
418d0169-8c8e-4884-931e-f8305d9ee6d4,fb29432a-447e-4729-8527-c3ef135f2c7e,0.00026767821902623647,3,false,false,false
58696569-3738-4fe9-abf4-5f6a6782819f,418d0169-8c8e-4884-931e-f8305d9ee6d4,0.00024397379670213818,3,false,false,false
e1136337-60ed-4488-a17a-6bfee1eff6d1,58696569-3738-4fe9-abf4-5f6a6782819f,0.00005874384298560407,3,false,false,false
62efb1f1-d0a0-4844-b68e-d878bd80c623,e1136337-60ed-4488-a17a-6bfee1eff6d1,0.00015451415303417723,3,false,false,true
62efb1f1-d0a0-4844-b68e-d878bd80c623,2f06f98e-6bdd-403a-ae0b-46034ccf7566,0.0002253482121651974,3,false,false,true
2f06f98e-6bdd-403a-ae0b-46034ccf7566,9b0ff53b-c03d-44e3-b977-8959c7923241,0.000200219131009613,3,false,false,true
9b0ff53b-c03d-44e3-b977-8959c7923241,9b1c6d27-b76b-4581-8a3f-6bf3749f721d,0.000172501506759271,3,false,false,true
9b1c6d27-b76b-4581-8a3f-6bf3749f721d,5fd901af-1e3c-4bbc-ad73-bc8afbaa9789,0.000206643571127853,4,false,false,true
5fd901af-1e3c-4bbc-ad73-bc8afbaa9789,9b0ff53b-c03d-44e3-b977-8959c7923241,0.0002598891173095569,4,false,false,true
9b0ff53b-c03d-44e3-b977-8959c7923241,ffe2476e-6255-40fd-bbc0-f83522802412,0.00009222774672038294,4,false,false,true
ffe2476e-6255-40fd-bbc0-f83522802412,07b70b0b-ce61-420f-bafb-78346d967834,0.00015077850261019686,4,false,false,true
a82c40da-e797-4373-a1ed-157409a67e39,07b70b0b-ce61-420f-bafb-78346d967834,0.00010749803888397114,4,false,false,true
901eef61-1045-4653-9447-abd9b5903d8f,a82c40da-e797-4373-a1ed-157409a67e39,0.00023282407091471956,4,false,false,true
9b1c6d27-b76b-4581-8a3f-6bf3749f721d,901eef61-1045-4653-9447-abd9b5903d8f,0.00014127349234475882,3,false,false,true
e475b2d7-61f2-4013-82b5-72d127e94241,901eef61-1045-4653-9447-abd9b5903d8f,0.00004355287926117467,3,false,false,true
206e4b79-621d-43a0-914c-93a2e898e266,e475b2d7-61f2-4013-82b5-72d127e94241,0.00007691770557186047,3,false,false,true
a50d19ae-ac41-44de-b0f7-34909954087f,206e4b79-621d-43a0-914c-93a2e898e266,0.00017884446908605003,3,false,false,true
85377711-a414-4e44-8c4b-50b5021fdd76,a50d19ae-ac41-44de-b0f7-34909954087f,0.00008334584920391126,3,false,false,true
d28b5d4e-6f70-4ec6-9f18-18e796623d92,85377711-a414-4e44-8c4b-50b5021fdd76,0.0000610980958640903,3,false,false,true
e8143d32-7008-4d37-9fec-2ef3b84e43c5,d28b5d4e-6f70-4ec6-9f18-18e796623d92,0.00011599464264050456,4,false,false,true
07b70b0b-ce61-420f-bafb-78346d967834,61cb1531-4295-44b7-afae-9f4cdfa5be4e,0.00003487040456596292,3,false,false,false
8b98636b-191e-437f-a89b-ffe1e7fcf21d,61cb1531-4295-44b7-afae-9f4cdfa5be4e,0.00029479460304181285,4,false,false,false
9c7d50f1-5dcc-4310-b8df-a90b2422e033,8b98636b-191e-437f-a89b-ffe1e7fcf21d,0.0002912635969555573,4,false,false,false
61cb1531-4295-44b7-afae-9f4cdfa5be4e,fb29432a-447e-4729-8527-c3ef135f2c7e,0.00008491156998467312,3,false,false,false
3153d0fc-bde0-4987-ba0f-96b917183d20,62efb1f1-d0a0-4844-b68e-d878bd80c623,0.0001955141282422316,4,false,false,true
b194e2c5-5db4-4eb6-a05b-77a069ca3201,3153d0fc-bde0-4987-ba0f-96b917183d20,0.000132600916350256,3,false,false,false
ca5c4539-eb7e-473a-be14-d049a8be0ace,b194e2c5-5db4-4eb6-a05b-77a069ca3201,0.00016321035278680894,3,false,false,false
1e4aef9c-89bf-45a9-b8c7-8d470511d5b6,ca5c4539-eb7e-473a-be14-d049a8be0ace,0.0000627549779559482,3,false,false,false
59b92995-5436-458e-8646-bf752fddf211,72dd1570-300b-4e35-ad98-fb761c71bf43,0.0003401562259346736,4,false,false,true
62efb1f1-d0a0-4844-b68e-d878bd80c623,59b92995-5436-458e-8646-bf752fddf211,0.0002394699931944278,4,false,false,true
36c9005d-2bf2-4c02-9f65-131bb46bd108,ca5c4539-eb7e-473a-be14-d049a8be0ace,0.0002322582852319781,3,true,true,false
d5dc10e4-22a8-404c-8ff2-ac6c659e1a44,36c9005d-2bf2-4c02-9f65-131bb46bd108,0.00006732329645784451,3,false,false,false
eaab9eed-f544-45ad-a920-61ccf03e8584,d5dc10e4-22a8-404c-8ff2-ac6c659e1a44,0.0003784260103028837,3,false,false,false
eaab9eed-f544-45ad-a920-61ccf03e8584,9b56f883-2934-4af0-bc13-224ca03bd2e6,0.0002787168637317756,3,false,false,false
e33da1e4-0ade-4945-a4ad-692039c39f54,9b56f883-2934-4af0-bc13-224ca03bd2e6,0.0000681007994427392,3,false,false,false
e33da1e4-0ade-4945-a4ad-692039c39f54,f0c361a8-3731-4899-8e2e-b6053660dff7,0.00004495161789025355,3,false,false,false
81a32bbc-fb79-48ab-b72d-b1edb7132fde,e33da1e4-0ade-4945-a4ad-692039c39f54,0.0003533583506973823,3,false,false,false
81a32bbc-fb79-48ab-b72d-b1edb7132fde,c33b0459-e44b-4638-bdac-ba2f67868379,0.00015683790370246697,3,false,false,false
c33b0459-e44b-4638-bdac-ba2f67868379,84eff64e-4a26-44f5-88ec-80e21b7a181e,0.0000975942889841465,3,false,false,true
c6e21ea0-ad37-4c68-bb6e-63a9049fec5c,81a32bbc-fb79-48ab-b72d-b1edb7132fde,0.0001949729709950333,3,false,false,false
8b6df043-47d0-4040-860c-c999402e4a34,c6e21ea0-ad37-4c68-bb6e-63a9049fec5c,0.00014110878911766515,3,false,false,false
6640f22b-7072-48a8-9566-45d0bd4dcaef,8b6df043-47d0-4040-860c-c999402e4a34,0.000493862249208123,3,false,false,false
44381bc4-2651-4c56-9f7a-2bff6bcd6c2f,6640f22b-7072-48a8-9566-45d0bd4dcaef,0.00011325260441655628,3,false,false,false
c61dea64-caf6-4b46-a275-268ab9e979cb,44381bc4-2651-4c56-9f7a-2bff6bcd6c2f,0.00012216123893367043,3,false,false,false
0485b12e-9d4f-4d6b-9a9e-18258253c733,c61dea64-caf6-4b46-a275-268ab9e979cb,0.00009543522142945398,3,false,false,false
b463a405-115b-429d-87c5-0e758f05136e,0485b12e-9d4f-4d6b-9a9e-18258253c733,0.00008907918023303304,3,false,false,false
357386f0-fdda-4eb9-9f64-5648bc09c673,b463a405-115b-429d-87c5-0e758f05136e,0.00037980346739058236,3,false,false,false
357386f0-fdda-4eb9-9f64-5648bc09c673,3b74651b-764b-4138-bf03-6edcbf53c4d0,0.00004417010161937802,3,false,false,false
198f7738-31ef-4728-8015-c9037fdc76a0,357386f0-fdda-4eb9-9f64-5648bc09c673,0.00010737790526772406,3,false,false,false
198f7738-31ef-4728-8015-c9037fdc76a0,85508cb9-91aa-433c-a24f-50ea46b3bd6c,0.00016538211800537316,3,false,false,false
87bb4aec-8f29-48f2-bf3c-838921379386,198f7738-31ef-4728-8015-c9037fdc76a0,0.0001618852628503428,3,false,false,false
fd515902-f4e1-4ec7-b0e4-dc411f6d69ee,87bb4aec-8f29-48f2-bf3c-838921379386,0.0002272671940939644,3,false,false,false
4f69c1b9-d5a4-47e2-a01e-ef19e42cec04,fd515902-f4e1-4ec7-b0e4-dc411f6d69ee,0.0002605294600399516,4,false,false,false
64681a97-4c21-4c56-a2b0-dfe116ec340a,4f69c1b9-d5a4-47e2-a01e-ef19e42cec04,0.00022935474356232163,4,false,false,false
64681a97-4c21-4c56-a2b0-dfe116ec340a,09b2beb9-49e2-47d2-99ce-b84c4f7e3753,0.0001178316226530314,3,false,false,false
09b2beb9-49e2-47d2-99ce-b84c4f7e3753,e01a3657-d728-4511-8248-8d03908b5439,0.00009391082714011977,3,false,false,false
e01a3657-d728-4511-8248-8d03908b5439,64681a97-4c21-4c56-a2b0-dfe116ec340a,0.00013854324171507534,3,false,false,false
8b5709f5-fc9a-4138-9abe-79ed5f298da1,09b2beb9-49e2-47d2-99ce-b84c4f7e3753,0.0002851403359927846,3,false,false,false
08734777-2f82-404c-be20-4f4c64ce6029,8b5709f5-fc9a-4138-9abe-79ed5f298da1,0.000460757518077812,3,false,false,false
e55b2dfc-898a-4778-a9db-690bb6fbb62d,08734777-2f82-404c-be20-4f4c64ce6029,0.000015950791136456468,3,false,false,false
e55b2dfc-898a-4778-a9db-690bb6fbb62d,dbd03892-40d4-429d-bd26-d6c64ae2b32e,0.00020059354941205675,4,false,false,true
dbd03892-40d4-429d-bd26-d6c64ae2b32e,6a300fa9-9ae6-4786-a47d-3af510d4f928,0.00013725191572622599,4,false,false,true
6a300fa9-9ae6-4786-a47d-3af510d4f928,c8426bb6-c0ea-44e6-aa02-cb5ff4b4b9a2,0.00011429800546126895,4,false,false,true
c8426bb6-c0ea-44e6-aa02-cb5ff4b4b9a2,e55b2dfc-898a-4778-a9db-690bb6fbb62d,0.000254536510886352,4,false,false,true
7ba3dbd0-7cd2-4108-94cd-653f97a917ef,fc40b467-86cf-4455-bfcc-f0bfc9cca3fa,0.00006955217704594808,3,false,false,true
0ca23f6a-1eed-4f57-bd62-f8369bbcbcba,7ba3dbd0-7cd2-4108-94cd-653f97a917ef,0.00003245700877921103,3,false,false,true
eee39f63-799c-4870-8a74-ebbf36fd6a38,0ca23f6a-1eed-4f57-bd62-f8369bbcbcba,0.0001877729584251456,4,false,false,true
7cb6aa5e-0a6f-479b-aa95-971a11869374,eee39f63-799c-4870-8a74-ebbf36fd6a38,0.00016125514597823808,3,false,false,true
3f4dc726-43da-4299-b348-96a3fccce110,7cb6aa5e-0a6f-479b-aa95-971a11869374,0.00002401159105941886,2,false,false,false
beeab791-c91b-46cc-849e-896fb297a0fe,3f4dc726-43da-4299-b348-96a3fccce110,0.00015486126640264214,3,false,false,false
beeab791-c91b-46cc-849e-896fb297a0fe,37143259-1f7a-4fd8-840b-bf0bc694b06b,0.00029664308332090337,3,false,false,false
32e36493-b5d6-4e54-8e34-e1778b4bdee5,beeab791-c91b-46cc-849e-896fb297a0fe,0.00018353011057266162,3,false,false,false
8b5709f5-fc9a-4138-9abe-79ed5f298da1,32e36493-b5d6-4e54-8e34-e1778b4bdee5,0.000363978831812399,3,false,false,false
e9591b6a-805a-4677-aafb-6e583fa5fa70,3f4dc726-43da-4299-b348-96a3fccce110,0.000024257607270417388,2,false,false,false
e9591b6a-805a-4677-aafb-6e583fa5fa70,5f1c5835-c8df-488f-aa4c-bbbfe4910b96,0.00006828632156852753,2,false,false,true
5f1c5835-c8df-488f-aa4c-bbbfe4910b96,381bdc4e-41a8-4f2c-ad66-a07074eacfd3,0.00014162342050162973,2,false,false,true
5f1c5835-c8df-488f-aa4c-bbbfe4910b96,e6f55bc5-1c8a-4028-9f06-5f96127f8786,0.00014464611573699457,2,false,false,true
e6f55bc5-1c8a-4028-9f06-5f96127f8786,409409b4-730a-485e-aeeb-69f284cbbd16,0.00006679890567817533,2,false,false,false
43f29c87-2e06-4f24-a5b3-f1a4420e36ee,eee39f63-799c-4870-8a74-ebbf36fd6a38,0.00021572739823354345,4,false,false,true
0420415f-640f-453f-9106-29dfd7376c55,43f29c87-2e06-4f24-a5b3-f1a4420e36ee,0.00034306795492801694,4,false,false,true
eee39f63-799c-4870-8a74-ebbf36fd6a38,0420415f-640f-453f-9106-29dfd7376c55,0.0002333949048019032,4,false,false,true
eee39f63-799c-4870-8a74-ebbf36fd6a38,355c5661-4fb7-44e0-b4e7-271d8b69b89c,0.00021549165922990837,4,false,false,true
355c5661-4fb7-44e0-b4e7-271d8b69b89c,0ca23f6a-1eed-4f57-bd62-f8369bbcbcba,0.00021626584292534494,4,false,false,true
0ca23f6a-1eed-4f57-bd62-f8369bbcbcba,0420415f-640f-453f-9106-29dfd7376c55,0.00007811439872329497,4,false,false,true
09b2beb9-49e2-47d2-99ce-b84c4f7e3753,01073068-9faf-47d6-9740-2dc436e3db04,0.00010742720035433085,4,false,false,false
01073068-9faf-47d6-9740-2dc436e3db04,6b3d4db7-f159-4866-b856-bd08ca32943c,0.00011963767170214559,4,false,false,false
6b3d4db7-f159-4866-b856-bd08ca32943c,90a537f7-51a8-4b55-8bfc-22b834a6ca5d,0.0005940916390032424,4,false,false,false
90a537f7-51a8-4b55-8bfc-22b834a6ca5d,593e4972-f8a4-4779-a5b3-6c025ca59323,0.0001850346115507202,4,false,false,false
593e4972-f8a4-4779-a5b3-6c025ca59323,73694711-51a2-495a-ada9-cab4ae4edb53,0.00007489925539573138,4,false,false,false
73694711-51a2-495a-ada9-cab4ae4edb53,f085d8cd-7d4d-4c17-a4c9-43d3ef760b2e,0.0002901523765642807,4,false,false,false
f085d8cd-7d4d-4c17-a4c9-43d3ef760b2e,73fcb0dc-d36b-4659-927d-8a473d9c0dd8,0.0005653828041238373,3,false,false,false
73fcb0dc-d36b-4659-927d-8a473d9c0dd8,df7198ea-5c63-496a-aeda-d4b4bb4c495c,0.00014519163462317947,3,false,false,false
df7198ea-5c63-496a-aeda-d4b4bb4c495c,4bdc5fce-267c-4687-80d1-b0fb4dad7641,0.0001309112207277617,3,false,false,false
73fcb0dc-d36b-4659-927d-8a473d9c0dd8,bc11ccd1-d703-41d9-a5b5-c2dd5d812dbe,0.00011631828627331585,4,false,false,false
bc11ccd1-d703-41d9-a5b5-c2dd5d812dbe,988e7d16-2540-411f-81c8-202136917e7c,0.0002630580674450237,4,false,false,false
988e7d16-2540-411f-81c8-202136917e7c,03841fea-1aa0-4bc3-acfb-6c1277861359,0.00012975484651203673,4,false,false,false
988e7d16-2540-411f-81c8-202136917e7c,65ad028c-cce3-4e05-9252-b7bb3f2d0c58,0.000146258188659188,4,false,false,false
65ad028c-cce3-4e05-9252-b7bb3f2d0c58,fb18ef53-27ec-41df-8f09-c6119134a491,0.00010648056785606307,4,false,false,false
fb18ef53-27ec-41df-8f09-c6119134a491,e4bf3132-a1f2-426a-86f0-0f954147e4b7,0.00023280472622401517,4,false,false,false
fb18ef53-27ec-41df-8f09-c6119134a491,010f2556-87bf-4157-af56-fdf77e7e37e2,0.00010695266286734283,4,false,false,false
010f2556-87bf-4157-af56-fdf77e7e37e2,7f235f48-5f01-4225-8e19-1c1900ec6cc5,0.00006088897309334788,4,false,false,false
d4435bda-84dc-4803-a869-9114d78d40d0,010f2556-87bf-4157-af56-fdf77e7e37e2,0.00013656364784831953,4,false,false,false
267388a7-708f-4291-8960-371d424edaa5,d4435bda-84dc-4803-a869-9114d78d40d0,0.0002139040498877703,4,false,false,false
65ad028c-cce3-4e05-9252-b7bb3f2d0c58,267388a7-708f-4291-8960-371d424edaa5,0.00016544448446799878,4,false,false,false
87bb4aec-8f29-48f2-bf3c-838921379386,851aa9be-7a0e-4196-98bc-fcdc4694508b,0.00012408071138261817,3,false,false,false
851aa9be-7a0e-4196-98bc-fcdc4694508b,8fa1ad86-75d0-4296-a124-e8a519e84080,0.00005724799189299447,3,false,false,false
531ea2a8-9694-4c0c-8aca-b316d8a782fa,81a32bbc-fb79-48ab-b72d-b1edb7132fde,0.00010708831830339802,3,false,false,false
531ea2a8-9694-4c0c-8aca-b316d8a782fa,16ae66d7-c761-4555-88dd-ca31ab1e66a2,0.00006075543332672055,3,false,false,false
16ae66d7-c761-4555-88dd-ca31ab1e66a2,d14f12a3-27d5-4197-8209-6a303ae9e8a3,0.00037950801511217,3,false,false,true
d14f12a3-27d5-4197-8209-6a303ae9e8a3,38c83f25-cec8-4169-8061-5b6cb411706b,0.0002354631022991648,3,false,false,true
531ea2a8-9694-4c0c-8aca-b316d8a782fa,eaab9eed-f544-45ad-a920-61ccf03e8584,0.00015450538164669912,3,false,false,false
6c71b55d-69c4-4380-a0a3-edf5ec6bab98,eaab9eed-f544-45ad-a920-61ccf03e8584,0.00013763722367035212,3,false,false,false
cbfa1387-b90c-413e-8caa-2650e8095d6f,6c71b55d-69c4-4380-a0a3-edf5ec6bab98,0.00033841305733598755,3,false,false,false
cbfa1387-b90c-413e-8caa-2650e8095d6f,719fc5d4-f704-4f64-8b49-0cc1d187caa1,0.0002529830724062756,3,false,false,false
9b56f883-2934-4af0-bc13-224ca03bd2e6,cbfa1387-b90c-413e-8caa-2650e8095d6f,0.00018599309459442972,3,false,false,false
cbfa1387-b90c-413e-8caa-2650e8095d6f,652c089d-5664-49fd-8e25-d72a4bf071c5,0.0003164023867563466,4,false,false,false
652c089d-5664-49fd-8e25-d72a4bf071c5,65515b74-2239-42da-9397-66dd8fb1c1a6,0.00016231048125653615,4,false,false,false
cbfa1387-b90c-413e-8caa-2650e8095d6f,1d46a854-19ab-4523-90a2-a6d02f9d6e5e,0.00037219516861511625,4,false,false,false
b194e2c5-5db4-4eb6-a05b-77a069ca3201,2d578266-5d28-40f1-99a2-f370c8aa94df,0.000027435344820776896,3,false,false,false
2d578266-5d28-40f1-99a2-f370c8aa94df,f1cb6b7d-fedf-47dd-8c68-48d19eb64ae0,0.00019363249077911877,3,false,false,false
5113e81f-4ee6-4d2a-9505-fce6b164e81a,c6735d09-d5fc-4db1-8bc6-cc87314fd5eb,0.000047147442045192776,3,false,false,true
6aca38bf-e7b8-4ec4-b8df-7c0bad09a9a7,5113e81f-4ee6-4d2a-9505-fce6b164e81a,0.00009240628890141601,3,false,false,false
6aca38bf-e7b8-4ec4-b8df-7c0bad09a9a7,de9c98fd-366d-4afe-9cb8-3c2f5732d718,0.0002446276350403704,3,false,false,false
de9c98fd-366d-4afe-9cb8-3c2f5732d718,233faac1-4e1a-4a71-8a50-e69359067e9b,0.000040154259509880255,3,false,false,false
de9c98fd-366d-4afe-9cb8-3c2f5732d718,d97c9cc5-860c-427e-a956-b71c0b7eb6ec,0.00017750205573423776,3,false,false,false
d97c9cc5-860c-427e-a956-b71c0b7eb6ec,6dbca362-7a4b-4418-94d8-c2a079fbf6ca,0.00006705981324990795,3,false,false,false
6dbca362-7a4b-4418-94d8-c2a079fbf6ca,18d2b997-cc9d-4b64-ab4b-746b9709cd33,0.00006447065184423015,3,false,false,false
de9c98fd-366d-4afe-9cb8-3c2f5732d718,409853c1-7fd9-4524-a609-a16f793c8019,0.000391255461057788,4,false,false,false
409853c1-7fd9-4524-a609-a16f793c8019,6d6815b1-fa58-4acb-8341-6c5599a9f70d,0.00010783121222261884,4,false,false,false
0cd150c2-99a3-4746-81de-9c3c5f015d7c,6aca38bf-e7b8-4ec4-b8df-7c0bad09a9a7,0.00011341817930381747,3,false,false,false
b79a4b02-01c9-4cdc-bf3f-646199992c15,0cd150c2-99a3-4746-81de-9c3c5f015d7c,0.00007943189785007764,3,false,false,false
7432c04a-20ce-458f-b3c0-23e39356cf81,b79a4b02-01c9-4cdc-bf3f-646199992c15,0.00023908430688891294,3,false,false,false
5cd9f4dc-533d-4bd3-afaf-4ec394ba0a35,7432c04a-20ce-458f-b3c0-23e39356cf81,0.00009471260152914602,3,false,false,false
ec10b047-8261-4a43-9c37-d10ba972c655,6137dcf3-01f3-4f3a-9422-c296e05b6cda,0.0001939995968182638,3,false,false,false
ec10b047-8261-4a43-9c37-d10ba972c655,61ae3c16-3e7f-4140-967a-0f0a0f5ca074,0.0001376502177827691,4,true,true,false
b4d8ba80-f627-4b16-bd06-55b1ce109051,ec10b047-8261-4a43-9c37-d10ba972c655,0.00006298075336832916,3,false,false,false
5cd9f4dc-533d-4bd3-afaf-4ec394ba0a35,e294ebcb-84b3-49d8-930a-67dc6af00af6,0.00012573153941843458,3,false,false,false
7432c04a-20ce-458f-b3c0-23e39356cf81,a9ee67d6-78d4-436a-bd09-8f92ea18b0b5,0.00005858053682616812,3,false,false,false
f15156ab-4f75-438f-9044-232f033e0e2e,84ff45e8-5c74-4621-b802-ea08e34b7573,0.00013832026667947596,3,false,false,true
f15156ab-4f75-438f-9044-232f033e0e2e,a0077958-3831-4e9f-b35d-06299192d88b,0.00015400015446131315,2,false,false,false
a0077958-3831-4e9f-b35d-06299192d88b,4264dc5f-5dd9-4251-8733-cd1ffebacbe2,0.0001537278514831258,2,false,false,false
4264dc5f-5dd9-4251-8733-cd1ffebacbe2,31f5fcf9-d094-4333-b6db-d97d02710981,0.00019921844114772203,3,false,false,false
439c91ae-64b9-48b7-9b0d-f5b293e32d2f,a0077958-3831-4e9f-b35d-06299192d88b,0.00018860695573745087,2,false,false,false
57dbbd9d-ef79-4551-b5f9-ef53159d20ce,313638f0-e16c-4813-b8dd-203649872557,0.00016113809954612822,3,false,false,false
8fe8d7e8-da46-4587-a2db-dc3f2b921fc5,e3779219-e8d9-4d07-a676-0e16feda15ef,0.0001426695285328629,3,false,false,true
8fe8d7e8-da46-4587-a2db-dc3f2b921fc5,19a6035a-76c6-4cb1-889a-7a7b3c7ca826,0.0000641673023837966,3,false,false,true
8fe8d7e8-da46-4587-a2db-dc3f2b921fc5,b31ff763-2c72-4ad0-9048-7722dcae1890,0.0001974266545721476,3,false,false,true
7d48cd0a-840e-4bd2-b773-c51e0775ef3f,8fe8d7e8-da46-4587-a2db-dc3f2b921fc5,0.00004703714617710237,3,false,false,false
21316ee0-ef12-419e-9a7c-e8a87e91abd4,7d48cd0a-840e-4bd2-b773-c51e0775ef3f,0.0001011063543254851,3,false,false,false
21316ee0-ef12-419e-9a7c-e8a87e91abd4,260b6736-d114-44d4-bc34-435a18ca1df0,0.00035468916889870735,3,false,false,false
4220cbd9-5819-4777-b43e-509983d8f930,260b6736-d114-44d4-bc34-435a18ca1df0,0.00021234765772582556,3,false,false,false
87a273c0-7807-4ed7-a5d6-dd01f51952fc,4220cbd9-5819-4777-b43e-509983d8f930,0.00011850293629919509,3,false,false,false
1f622a48-4b61-4419-91af-38d67470de73,87a273c0-7807-4ed7-a5d6-dd01f51952fc,0.0008577053566804758,3,false,false,false
a206a727-2cf3-4961-8937-8a204016b90f,1f622a48-4b61-4419-91af-38d67470de73,0.00024155802805399273,3,false,false,false
8c4553b0-eccd-4d08-94ff-923b2d6f8018,a206a727-2cf3-4961-8937-8a204016b90f,0.00016099225578237517,3,false,false,false
8c4553b0-eccd-4d08-94ff-923b2d6f8018,0df3e220-5c62-4ee7-bbe1-ff82a00129b7,0.000059257829849577014,3,false,false,false
170ab1b5-5b24-49c1-9a6a-69734d3377b1,8c4553b0-eccd-4d08-94ff-923b2d6f8018,0.0005760153841394988,3,false,false,false
170ab1b5-5b24-49c1-9a6a-69734d3377b1,0b942d1d-9799-41b9-b017-cc2ca3479e67,0.00011935246828684474,3,false,false,false
ff69565b-00e9-4d45-abbf-d182f20b72dd,170ab1b5-5b24-49c1-9a6a-69734d3377b1,0.00012904431741463844,3,false,false,false
34a6367d-273b-4530-a412-6d99a4926de1,ff69565b-00e9-4d45-abbf-d182f20b72dd,0.0003257857427514202,3,false,false,false
e4e3b987-63b9-4333-afb5-541d7e4a16ee,34a6367d-273b-4530-a412-6d99a4926de1,0.0002668772400887781,3,false,false,false
0e4c5e33-12e6-4d10-aaa5-391e1d993758,e4e3b987-63b9-4333-afb5-541d7e4a16ee,0.00024794349634908264,3,false,false,false
0e4c5e33-12e6-4d10-aaa5-391e1d993758,fedf0253-4218-450b-ac60-ebfddc032916,0.00013973709663533162,3,false,false,false
fedf0253-4218-450b-ac60-ebfddc032916,9698c148-82a4-4fb3-b818-e073d5381628,0.00023732732575957162,3,false,false,false
9698c148-82a4-4fb3-b818-e073d5381628,00ee4e93-c2fe-4282-ab63-447fcc6c01b5,0.00014764023928793996,3,false,false,false
00ee4e93-c2fe-4282-ab63-447fcc6c01b5,0e4c5e33-12e6-4d10-aaa5-391e1d993758,0.0002303233541664661,3,false,false,false
00ee4e93-c2fe-4282-ab63-447fcc6c01b5,e0e7affd-3817-4de6-9c1b-35c669437a57,0.0001569470043310499,3,false,false,false
e0e7affd-3817-4de6-9c1b-35c669437a57,739f5168-78da-4c0c-938f-ad4bde8abe66,0.0002562018250463985,3,false,false,false
739f5168-78da-4c0c-938f-ad4bde8abe66,79fe8f45-ce2d-4df3-981f-b0d7cddda37a,0.00033187606269157653,3,false,false,false
79fe8f45-ce2d-4df3-981f-b0d7cddda37a,f95201dd-460c-4e98-966b-d167c0fa7b17,0.00034047578024061124,3,false,false,false
f95201dd-460c-4e98-966b-d167c0fa7b17,a68e4909-3c42-4869-afca-9b0b3e047e70,0.00023621117442449303,3,false,false,false
a68e4909-3c42-4869-afca-9b0b3e047e70,5e71d166-94cd-49f4-91ff-990491e354ba,0.00007475103163678357,3,false,false,false
e4d92d88-39c9-4b67-bed8-61d44fa7bd55,f95201dd-460c-4e98-966b-d167c0fa7b17,0.00019661913866376296,3,false,false,false
a68e4909-3c42-4869-afca-9b0b3e047e70,adc33a1e-3cef-4f3d-a732-5b36a5b2cb84,0.00009642664831478878,3,false,false,false
adc33a1e-3cef-4f3d-a732-5b36a5b2cb84,79fe8f45-ce2d-4df3-981f-b0d7cddda37a,0.000399754885793116,3,false,false,false
9698c148-82a4-4fb3-b818-e073d5381628,83f8d66f-bf30-4745-8f44-ce9e1dcce171,0.00024479275902039685,3,false,false,false
83f8d66f-bf30-4745-8f44-ce9e1dcce171,279bb44a-c919-4a77-96e9-f57b00818bdc,0.00045069475288643935,3,false,false,false
279bb44a-c919-4a77-96e9-f57b00818bdc,2c5bbac8-05de-4a3e-8c89-b69be7a38147,0.00040633473935262925,3,false,false,false
2c5bbac8-05de-4a3e-8c89-b69be7a38147,e0af1f63-240c-4791-b84c-5eba97978d5b,0.00028471335276008137,3,false,false,false
e0af1f63-240c-4791-b84c-5eba97978d5b,2d934ab1-0246-4dae-ad00-7e158f5d9c68,0.00016257838192738013,4,true,true,false
e0af1f63-240c-4791-b84c-5eba97978d5b,3ce9edf2-b989-42ae-87bf-764a99edf845,0.00031798523658331464,3,false,false,false
3ce9edf2-b989-42ae-87bf-764a99edf845,ed19d709-e598-4a6f-a36a-a5922922b155,0.00021572654054376932,3,false,false,false
5c77e195-9e0a-4ba9-8aef-3d379eba9dc7,ed19d709-e598-4a6f-a36a-a5922922b155,0.00017346271831026277,2,false,false,false
ed19d709-e598-4a6f-a36a-a5922922b155,7b0f0960-df3b-4a17-bc67-0238d823f42f,0.0002862483627659464,3,false,false,false
7b0f0960-df3b-4a17-bc67-0238d823f42f,bf9ce1eb-41b4-4ce6-b902-b43be0175f8c,0.00022587360097329646,3,false,false,false
bf9ce1eb-41b4-4ce6-b902-b43be0175f8c,2fa94a69-9c06-4c71-b2be-7e5089122ed6,0.0003044140437306312,3,false,false,false
2fa94a69-9c06-4c71-b2be-7e5089122ed6,f1c6322e-53b8-4a16-8c93-b9d5bde4a549,0.0005156280194930538,3,false,false,false
f1c6322e-53b8-4a16-8c93-b9d5bde4a549,fedf0253-4218-450b-ac60-ebfddc032916,0.00021618947343716657,3,false,false,false
f1f37527-e805-4893-b5bc-422c8895dc60,87a273c0-7807-4ed7-a5d6-dd01f51952fc,0.00013525233391287962,3,false,false,false
47475a31-0cd8-4188-bba2-5694d1cee76b,f1f37527-e805-4893-b5bc-422c8895dc60,0.0002822864498228553,3,false,false,false
47475a31-0cd8-4188-bba2-5694d1cee76b,e3be9718-032d-48d2-a80f-8f33b8b9ba47,0.00019505611158188637,3,false,false,false
e3be9718-032d-48d2-a80f-8f33b8b9ba47,9161bcde-4fca-401a-97dd-0b124c47d91d,0.000166708313950713,3,false,false,false
9161bcde-4fca-401a-97dd-0b124c47d91d,4072a5c0-4ae0-4ce3-8e2d-f6df65060f7c,0.00011423995685129892,3,false,false,false
4072a5c0-4ae0-4ce3-8e2d-f6df65060f7c,d67e7d0e-5b77-4420-b476-0ebcb1d75a06,0.0001537288808496518,3,false,false,false
d67e7d0e-5b77-4420-b476-0ebcb1d75a06,e62f0f7d-009d-458f-bca6-bdb8e86257fe,0.00030583389109408685,3,false,false,false
e62f0f7d-009d-458f-bca6-bdb8e86257fe,61526100-0d29-439d-9016-dcca11d4e1ad,0.00018422513731993046,3,false,false,false
61526100-0d29-439d-9016-dcca11d4e1ad,402977dd-883f-4762-adf1-622beca66253,0.00018835252822614563,3,false,false,false
402977dd-883f-4762-adf1-622beca66253,d566cd35-4069-4091-b4a9-7143f527af91,0.00013908037732848408,3,false,false,false
620ac2c6-66a8-4afe-8eda-b2b5fc298f7d,d566cd35-4069-4091-b4a9-7143f527af91,0.0006653178683038297,3,false,false,false
620ac2c6-66a8-4afe-8eda-b2b5fc298f7d,c543f900-ee6f-49c1-8fe6-d0528da096c0,0.00018237449117087314,3,false,false,false
c543f900-ee6f-49c1-8fe6-d0528da096c0,80450cfb-f412-46f2-bf8a-04a2117e5abf,0.0003772122695345133,3,false,false,false
80450cfb-f412-46f2-bf8a-04a2117e5abf,947e6b26-932e-433b-a64f-111665e9ad14,0.0003787231909981626,3,false,false,false
c96274a6-d8f7-468b-b57b-29365c8945a2,947e6b26-932e-433b-a64f-111665e9ad14,0.0001293485917608911,3,false,false,false
100f4476-337b-457f-bad9-52d0a90eddcd,c96274a6-d8f7-468b-b57b-29365c8945a2,0.0005887276494109853,3,false,false,false
d566cd35-4069-4091-b4a9-7143f527af91,100f4476-337b-457f-bad9-52d0a90eddcd,0.0006797744604770575,3,false,false,false
a418c312-5c74-4db8-81ca-ced6b257bb0d,c96274a6-d8f7-468b-b57b-29365c8945a2,0.0001341192753413806,3,false,false,false
947e6b26-932e-433b-a64f-111665e9ad14,a418c312-5c74-4db8-81ca-ced6b257bb0d,0.00009462229509949866,3,false,false,false
c96274a6-d8f7-468b-b57b-29365c8945a2,02d7ee32-59c5-4456-bd8a-7c7c68c54b9d,0.00045246570321314287,3,false,false,false
87e47b4f-63a0-420b-b2cf-d9890c6974eb,02d7ee32-59c5-4456-bd8a-7c7c68c54b9d,0.0003306006302064312,3,false,false,false
800fdfeb-7b2e-41ee-9be5-5cbef9fcbcc3,87e47b4f-63a0-420b-b2cf-d9890c6974eb,0.00009276983649257023,3,false,false,false
80450cfb-f412-46f2-bf8a-04a2117e5abf,800fdfeb-7b2e-41ee-9be5-5cbef9fcbcc3,0.00023207940145890792,3,false,false,false
02d7ee32-59c5-4456-bd8a-7c7c68c54b9d,620ac2c6-66a8-4afe-8eda-b2b5fc298f7d,0.0005513906734983473,3,false,false,false
fd08efab-30a5-46e4-8efb-220861989e45,47475a31-0cd8-4188-bba2-5694d1cee76b,0.0000928984938219922,3,false,false,false
7d48cd0a-840e-4bd2-b773-c51e0775ef3f,fd08efab-30a5-46e4-8efb-220861989e45,0.00017877858134601784,3,false,false,false
21316ee0-ef12-419e-9a7c-e8a87e91abd4,4220cbd9-5819-4777-b43e-509983d8f930,0.00014994856944497079,3,false,false,false
e6940cb1-8225-461f-8053-388a9e30a1f8,21316ee0-ef12-419e-9a7c-e8a87e91abd4,0.00021195525837008032,3,false,false,false
260b6736-d114-44d4-bc34-435a18ca1df0,e6940cb1-8225-461f-8053-388a9e30a1f8,0.00034256951138638087,3,false,false,false
260b6736-d114-44d4-bc34-435a18ca1df0,bf6153d3-ef8a-490f-b47c-a38343629306,0.0006937320966897144,3,false,false,false
260b6736-d114-44d4-bc34-435a18ca1df0,b8179d3f-4769-4952-aebd-c66cda585f03,0.0007035895942665245,3,false,false,false
260b6736-d114-44d4-bc34-435a18ca1df0,49fee8a4-cc3d-4d4c-b888-729612601ba2,0.00029744368045159274,3,false,false,false
e3779219-e8d9-4d07-a676-0e16feda15ef,6688bac6-421f-4315-9091-425a72ce35f6,0.00014805536544490927,3,false,false,true
e3779219-e8d9-4d07-a676-0e16feda15ef,f89b0d97-43e9-4c70-bc49-537deca2415f,0.00015146463808835635,3,false,false,true
301173c7-aa5d-4e60-92c8-996e8f3affef,8e46a14f-6f4a-4011-a4f7-e64961ec6f19,0.00016679803071525799,3,false,false,false
4fd98882-d4c6-41a6-a5a5-752bc316ae72,301173c7-aa5d-4e60-92c8-996e8f3affef,0.0002828760857325915,3,true,true,false
18ebe718-b339-4e2e-9795-8de41da8665a,4fd98882-d4c6-41a6-a5a5-752bc316ae72,0.00019215547209579587,3,true,true,false
e79a1917-97a8-4ed5-aff1-da1d7576a1db,0e38f45c-3cc6-45f3-b2f8-53c38d5cbceb,0.00007852295701040124,4,true,true,false
36ef3e63-b1db-4dae-8a8a-69c0a98ec5b3,630c783b-b95c-4a08-a3b6-b3ebd82fa633,0.0000655933627592547,2,false,false,false
55688148-5e6a-44ab-b5e8-7d6cccddb89a,cf8b021e-3f48-454c-b240-dadf39230bf2,0.000029877581931505464,3,false,false,true
cf8b021e-3f48-454c-b240-dadf39230bf2,a53e6505-6fa4-4df1-8827-c6597ac8361c,0.000023854159746502592,3,false,false,true
930b28bf-0821-4703-a64e-e54d99a0fa40,b110c67f-06cd-4601-998c-fc7bbeb40577,0.0001446833873757214,2,false,false,false
ba9f42d6-b6f8-4291-98ed-42b977af6c74,8a7bdc1f-fdc4-4728-aef1-0ab2d3a09574,0.00008031026963806725,2,false,false,false
01fb3843-5061-4b09-bc4a-254a2c690166,d721cd0b-0a80-464a-a447-c16e7bce7a4e,0.00033548518580845164,2,false,false,false
ec25c3a4-c543-4f43-aa04-65edacb76d8e,78681cad-ceac-48a4-b933-3005a2154425,0.00010536147557168084,2,false,false,false
767cc1c1-4673-4f76-a46f-6f83051ec145,0baa3a17-bf7e-49ad-b65d-a55323016ebd,0.0001266696272339441,2,false,false,false
98177355-a92b-4e12-8b37-22573bc68d72,f5128225-65f1-435f-b4b5-d31bb0aac130,0.00006211449739826096,3,false,false,false
f45273a0-0bd7-45c4-9ef6-640f08061e54,776346e3-6631-4d95-9ab0-e12572e1effc,0.00008178397301751693,3,false,false,false
59d53103-aac7-4b88-91f9-b4ed5386dcf3,36aed1ad-1702-48d0-8622-586615cb1225,0.00005610653177636352,3,false,false,false
530c16fe-8035-4daf-ac6e-c8af91a74b86,f1e5c16b-1689-41ea-a0f3-ea95a0d28a8c,0.00012381310249284552,3,false,false,false
2b072493-7cfa-4815-9b78-ebf0533efd7e,70909da2-f5db-4b16-ba78-fafe48ea309e,0.0001282704013076045,3,false,false,false
609b9301-abf5-49a1-838f-63fa5e745e1f,b3212e75-4858-4b85-b0e1-1298f99955d0,0.00016882021722282921,3,false,false,false
cc732805-70ef-426d-908d-7b896ad5a70c,24693db4-2e94-45d7-ad2a-7136d1dc048c,0.00006989189152941335,2,false,false,false
69fcda82-5ad2-4c5a-b440-d47f0a5ca4f5,f828ee6e-a4a9-45ea-b56a-888879973e43,0.00020485273334697646,3,false,false,false
f828ee6e-a4a9-45ea-b56a-888879973e43,72e37e55-a1e6-49a1-a3fc-e4d0cf6a4ed8,0.00020084226940059337,3,false,false,false
72e37e55-a1e6-49a1-a3fc-e4d0cf6a4ed8,bee95caa-3f1e-4560-a5f0-09602748a6d1,0.0003155533018953983,3,false,false,false
bee95caa-3f1e-4560-a5f0-09602748a6d1,b32cec03-c0e8-4e4b-a101-b9a3cd7011e8,0.00011392535837705402,3,false,false,false
b32cec03-c0e8-4e4b-a101-b9a3cd7011e8,028c9e57-4a63-4094-92e3-2017ade20d5b,0.000153814298747838,3,false,false,false
0ac82c23-8582-4a3a-905b-3216c03cc641,fab9efc9-762d-4ed7-a3e8-0548cd8955ce,0.00006024133720630806,3,false,false,false
6e1c4bf4-b701-4fd5-afd5-e79ca806700f,7555ac4e-c5bd-4c9e-9d05-2edf6f314da7,0.0000930730976215753,3,false,false,false
ab9d6328-16c5-4d3c-9c75-6cc9fd434413,c35a455b-8dbf-4285-b838-ef54c9b77580,0.00015865822553219605,3,false,false,false
c35a455b-8dbf-4285-b838-ef54c9b77580,609ff6f5-0ccf-450c-b44f-2bf5380371de,0.00020926234584886747,3,false,false,false
d3776bc9-5601-4893-ac97-6287b4f0f41f,3257d63d-2ea7-489a-8a17-56079f0a4c8d,0.00009683983311637607,3,true,true,false
feb3589e-e83b-4b73-b3a1-e364c5111bbb,500c2643-5022-43fd-89e6-7da1026906e5,0.0002118375596631123,4,false,false,false
500c2643-5022-43fd-89e6-7da1026906e5,60f80815-b6da-4d09-a1de-32bc1bc33796,0.0006622855751410296,4,false,false,false
60f80815-b6da-4d09-a1de-32bc1bc33796,467942f9-a6a4-4c36-b05a-ca47063f381e,0.0000623130769025289,4,false,false,false
467942f9-a6a4-4c36-b05a-ca47063f381e,28422795-22a7-4f05-9411-0935946a98ae,0.0003713016416038625,4,false,false,false
28422795-22a7-4f05-9411-0935946a98ae,4caafdcb-16c4-4d9b-a0fe-6b5d7d8e2703,0.0001807618093096352,4,false,false,false
f7b2286d-828e-4e34-8ce2-4e1975be5236,070e003d-7af7-4a05-95ef-9b3be9e1f490,0.00012396629015802742,2,false,false,false
515cc3a8-ae47-4a7a-ae7e-94aa1d50fa53,f4787471-3041-46cd-aaee-e6eefd918c94,0.000109320047906051,4,false,false,false
f4787471-3041-46cd-aaee-e6eefd918c94,d9194a29-26f4-444f-b028-c3da1d9d2bf5,0.00013038079240269086,4,false,false,false
d9194a29-26f4-444f-b028-c3da1d9d2bf5,8878b7ca-87f4-4256-b012-710f2692431b,0.000303973684959253,4,false,false,false
43ddf3d2-926a-4b44-b5bd-7078e621c529,29b7599a-8f9b-424e-a8be-75e7b5bbfc70,0.00010667986688137677,3,false,false,false
43ddf3d2-926a-4b44-b5bd-7078e621c529,2b960d6c-51c8-4b9c-a5b9-396d325f95e1,0.0003426755544484473,3,false,false,false
2b960d6c-51c8-4b9c-a5b9-396d325f95e1,6d3c05b6-dfa0-4dbc-91e5-06461b2f22de,0.00022195292602250816,3,false,false,false
da6914de-32a5-4ade-bd7d-88e1759df40f,43ddf3d2-926a-4b44-b5bd-7078e621c529,0.00021153784097943494,3,false,false,false
2c5c0ade-6274-492a-ae54-53fc2dea9778,b80dc74c-52dd-499e-9e06-58605154b708,0.00010018307501085019,3,false,false,false
9177aa75-6b4a-40f8-886b-41bf147fed2e,4c56a6f7-fc82-4318-b8b5-5ddd58c8fd2d,0.00014111770215760613,3,true,true,false
75500452-ca6a-4a75-bb7a-65371a31f499,d04143b9-5556-47ae-8cf9-d502990745e4,0.00013766940849518637,4,false,false,true
624da1cf-844f-404c-aad4-a54cdd8e6fbf,9ef4368e-7d2f-4a8f-9bec-a07b48c8148b,0.00041850448486683694,3,false,false,false
bf4477ec-f85e-4e97-afde-95876b2d79d8,b5ca1c83-1a2f-4b7b-8784-b2ec61263feb,0.00008119082879676048,3,false,false,false
0f80e053-04d3-44cb-87eb-ad873f3a41c0,4ea00c1c-8564-4b7c-8091-80ec104775cb,0.00008057860083650643,3,false,false,false
e21a9c9b-924a-4b59-84a9-5961682e506f,3cc80600-376f-4930-8ecb-6581c4c8db3e,0.00008484275456173662,4,false,false,true
ca954edb-0bfd-46e2-a1b0-edc2c0d89b20,b876497d-93d4-4aca-afc5-2b548d6265de,0.00020062529984826897,4,true,true,false
84919af8-07d5-4e54-a25e-a2892791d22a,96c7f271-9ae8-4bb7-831d-cedf3dd70cc5,0.00014520330336735145,3,false,false,false
96c7f271-9ae8-4bb7-831d-cedf3dd70cc5,13087878-c91d-48b6-b81a-d8ff63824677,0.00004168932313287289,3,false,false,false
19ef9b96-b28c-46f9-884a-bececc2ad7bb,58083eb5-3905-47f4-8036-508321d57371,0.0002814708860041126,3,false,false,false
58083eb5-3905-47f4-8036-508321d57371,27232e4a-4fe1-4317-8084-7359dcad28b4,0.00023150194265755727,3,false,false,false
27232e4a-4fe1-4317-8084-7359dcad28b4,fa2ef0e5-b551-40b7-9164-773872b48ce1,0.00012449233783715086,3,false,false,false
fa2ef0e5-b551-40b7-9164-773872b48ce1,1de77a8e-5200-4b28-8ea8-911f8abed556,0.00005807609356448699,3,false,false,false
5a2de8e2-5138-496a-9280-2f81be1792a2,bdd480dc-2023-4f80-b1d3-235bf6b014b3,0.000023790916194793024,3,false,false,false
c59873d1-7e79-4ffa-8a8e-51931660e070,410dfbcb-41e8-42a5-a1dd-f11b2e2f55a3,0.00009566782135424535,3,false,false,false
767cc1c1-4673-4f76-a46f-6f83051ec145,829fdc2a-dcc9-48bd-891f-d89aee679d96,0.00028948039423109503,4,false,false,true
e739d0b6-0f23-4564-9d35-55559f38c251,767cc1c1-4673-4f76-a46f-6f83051ec145,0.0001714788968110979,4,false,false,true
4012ce67-4451-4736-9437-b56e2f277af3,e739d0b6-0f23-4564-9d35-55559f38c251,0.0001381964683868808,4,false,false,true
070e003d-7af7-4a05-95ef-9b3be9e1f490,4012ce67-4451-4736-9437-b56e2f277af3,0.00017256825664466917,4,false,false,true
842a2cd3-0756-4d66-9d7d-e6d855144b3c,070e003d-7af7-4a05-95ef-9b3be9e1f490,0.00012007109332847759,4,false,false,false
829fdc2a-dcc9-48bd-891f-d89aee679d96,842a2cd3-0756-4d66-9d7d-e6d855144b3c,0.00021430979921843293,4,false,false,true
a764632d-12e5-48b5-b5ea-fd56fc462ad4,829fdc2a-dcc9-48bd-891f-d89aee679d96,0.0002976699791562328,4,false,false,true
829fdc2a-dcc9-48bd-891f-d89aee679d96,a418c312-5c74-4db8-81ca-ced6b257bb0d,0.00017880769170142328,4,false,false,true
c30ac789-2075-41a5-8a12-3d34f54071f3,df442997-112d-4d8a-9709-66f20a69fa59,0.0000646622721930116,4,false,false,true
6808517e-eb70-400d-a15e-9922990fe4ea,2b1550f0-08ad-4700-a822-a4fc24174e94,0.00015325810657906553,4,false,false,true
5d04a300-3087-41cd-ac9f-767c8213bfaa,1535bb6e-360c-438c-9671-7120914d2c2f,0.0000956109152801016,4,false,false,true
981c0470-8556-49e6-a8c0-876941b93590,5d04a300-3087-41cd-ac9f-767c8213bfaa,0.0001273743364032597,4,false,false,true
01fb3843-5061-4b09-bc4a-254a2c690166,ecd0698c-c376-40f9-a2a1-a1b536d8cec6,0.000051045939866099725,4,true,true,false
ecd0698c-c376-40f9-a2a1-a1b536d8cec6,bd0f7004-57c0-4d1e-a02a-b3752169f2d0,0.00015146070572004584,4,false,false,true
bd0f7004-57c0-4d1e-a02a-b3752169f2d0,22345393-c86f-493e-9368-4a0ac1f4fe03,0.00025134107830410406,4,true,true,true
22345393-c86f-493e-9368-4a0ac1f4fe03,c6735d09-d5fc-4db1-8bc6-cc87314fd5eb,0.00024422912698969653,4,false,false,true
c6735d09-d5fc-4db1-8bc6-cc87314fd5eb,afe4f55f-ba6e-4684-a28f-db46ef6e6259,0.00017225598872249508,4,false,false,true
afe4f55f-ba6e-4684-a28f-db46ef6e6259,f0fb1667-c4d3-4494-890a-6f445b584844,0.00004959407978612723,4,false,false,true
f0fb1667-c4d3-4494-890a-6f445b584844,00cd5a7a-7a47-4db0-95a6-fb696d439293,0.00022003595818552947,4,false,false,true
00cd5a7a-7a47-4db0-95a6-fb696d439293,233faac1-4e1a-4a71-8a50-e69359067e9b,0.00017948286892393716,4,false,false,true
233faac1-4e1a-4a71-8a50-e69359067e9b,c4744a4e-a4e8-4f26-b793-b1f39f7aa739,0.00033595028418929634,4,false,false,true
00cd5a7a-7a47-4db0-95a6-fb696d439293,c4744a4e-a4e8-4f26-b793-b1f39f7aa739,0.0001837179703402074,4,false,false,true
00cd5a7a-7a47-4db0-95a6-fb696d439293,8c67dfa9-ee8e-49f5-a5ef-a52e85725686,0.0001775753278509752,4,false,false,true
c4744a4e-a4e8-4f26-b793-b1f39f7aa739,8c67dfa9-ee8e-49f5-a5ef-a52e85725686,0.00013686053352857038,4,false,false,true
8c67dfa9-ee8e-49f5-a5ef-a52e85725686,1cd94caa-1562-4496-bbb1-f31cdf1a2877,0.0003876387575416775,4,false,false,true
1cd94caa-1562-4496-bbb1-f31cdf1a2877,00cd5a7a-7a47-4db0-95a6-fb696d439293,0.000236980926062451,4,false,false,true
1cd94caa-1562-4496-bbb1-f31cdf1a2877,f0fb1667-c4d3-4494-890a-6f445b584844,0.00003990063332451338,4,false,false,true
f0fb1667-c4d3-4494-890a-6f445b584844,233faac1-4e1a-4a71-8a50-e69359067e9b,0.00012025166034984648,4,false,false,true
7a2e204e-824e-4eba-b8a5-20d92fed6d84,b0f28d8c-2873-4371-884b-207fe948d7eb,0.00018655450826632065,4,false,false,true
b0f28d8c-2873-4371-884b-207fe948d7eb,9177aa75-6b4a-40f8-886b-41bf147fed2e,0.000053291792768854335,4,false,false,true
6f0e251a-af71-4072-8755-29bd04743e96,03a9fff1-3339-49e5-be51-e6095900333c,0.00008782006168453402,4,false,false,true
e294ebcb-84b3-49d8-930a-67dc6af00af6,6f0e251a-af71-4072-8755-29bd04743e96,0.00011820661688316721,4,false,false,true
03a9fff1-3339-49e5-be51-e6095900333c,94bb957f-4f60-4271-be3c-104011dba04f,0.0003593940806801231,4,false,false,true
03a9fff1-3339-49e5-be51-e6095900333c,5a2de8e2-5138-496a-9280-2f81be1792a2,0.00011322195580800461,4,false,false,true
03a9fff1-3339-49e5-be51-e6095900333c,1152782f-8f3d-4509-ab7a-2575c3779d46,0.00025037087386451496,4,false,false,true
58e63370-79eb-4504-8f75-e10b0ecc0f4e,1f224ee6-9882-483e-a6cf-416723d50090,0.00037140647597070395,4,false,false,true
1f224ee6-9882-483e-a6cf-416723d50090,d3776bc9-5601-4893-ac97-6287b4f0f41f,0.00008950474031611206,4,false,false,true
ac6e64e9-96e2-43f8-9c49-10853471d4a3,58e63370-79eb-4504-8f75-e10b0ecc0f4e,0.00017981656472231607,4,false,false,true
9b224205-2843-4c89-ac14-999aa5d7ffdf,ac6e64e9-96e2-43f8-9c49-10853471d4a3,0.00004761598353112996,4,false,false,true
1cb0246c-be16-4cb8-bb98-84db79a05ad7,9b224205-2843-4c89-ac14-999aa5d7ffdf,0.0000976161464528945,2,false,false,false
ac6e64e9-96e2-43f8-9c49-10853471d4a3,a53e6505-6fa4-4df1-8827-c6597ac8361c,0.00003650973583883769,4,false,false,true
ac6e64e9-96e2-43f8-9c49-10853471d4a3,a1da2228-4737-431f-a027-117431064be7,0.000046183780238532727,4,false,false,true
a1da2228-4737-431f-a027-117431064be7,0baa3a17-bf7e-49ad-b65d-a55323016ebd,0.0001581084422547174,2,false,false,false
e8143d32-7008-4d37-9fec-2ef3b84e43c5,fd515902-f4e1-4ec7-b0e4-dc411f6d69ee,0.00020186734062042208,4,false,false,true
85508cb9-91aa-433c-a24f-50ea46b3bd6c,e8143d32-7008-4d37-9fec-2ef3b84e43c5,0.00010536050041027243,4,false,false,true
e8143d32-7008-4d37-9fec-2ef3b84e43c5,2e87dcf7-b204-4fa6-88c3-85b478a96e82,0.00037135641746936364,4,false,false,true
2e87dcf7-b204-4fa6-88c3-85b478a96e82,776b514e-25c2-4c75-9649-028a71dc455b,0.00006953518396979875,4,false,false,true
776b514e-25c2-4c75-9649-028a71dc455b,e28a6979-bd88-4126-8cc3-36bfc193acb2,0.00008543439887935711,4,false,false,false
e28a6979-bd88-4126-8cc3-36bfc193acb2,b463a405-115b-429d-87c5-0e758f05136e,0.00011396972013946342,4,true,true,false
e28a6979-bd88-4126-8cc3-36bfc193acb2,f6f443c6-1364-45e6-ac27-cfd250190c8c,0.00005518790942622847,4,false,false,false
f6f443c6-1364-45e6-ac27-cfd250190c8c,8c28dbb3-7a6c-40ea-a8c0-51ad9a70bdc3,0.00042066912684914803,4,false,false,false
8c28dbb3-7a6c-40ea-a8c0-51ad9a70bdc3,082dc6ee-1425-4e57-a302-002e3246e0a0,0.00016923565591377238,4,false,false,false
8c28dbb3-7a6c-40ea-a8c0-51ad9a70bdc3,9c7d50f1-5dcc-4310-b8df-a90b2422e033,0.0001693411297542644,4,false,false,false
af690ca9-a32a-48ff-ac35-6224aac77f88,eee39f63-799c-4870-8a74-ebbf36fd6a38,0.00020456225794796516,4,false,false,true
43f29c87-2e06-4f24-a5b3-f1a4420e36ee,af690ca9-a32a-48ff-ac35-6224aac77f88,0.00025972836361483863,4,false,false,true
af690ca9-a32a-48ff-ac35-6224aac77f88,355c5661-4fb7-44e0-b4e7-271d8b69b89c,0.00032725887034693816,4,false,false,true
086433c4-9e0d-4568-8fa4-88f69d3ba909,a50d19ae-ac41-44de-b0f7-34909954087f,0.00012071899185534858,3,false,false,true
a50d19ae-ac41-44de-b0f7-34909954087f,3cc80600-376f-4930-8ecb-6581c4c8db3e,0.00031978165240585714,4,false,false,true
fc40b467-86cf-4455-bfcc-f0bfc9cca3fa,086433c4-9e0d-4568-8fa4-88f69d3ba909,0.0001988761902554854,3,false,false,true
7c701683-ee4e-42fc-8048-c2ba32dd38d3,fc40b467-86cf-4455-bfcc-f0bfc9cca3fa,0.0002627243683326028,4,false,false,true
85377711-a414-4e44-8c4b-50b5021fdd76,7c701683-ee4e-42fc-8048-c2ba32dd38d3,0.00026830510340620963,4,false,false,true
e21a9c9b-924a-4b59-84a9-5961682e506f,85377711-a414-4e44-8c4b-50b5021fdd76,0.00031519403785382856,4,false,false,true
98177355-a92b-4e12-8b37-22573bc68d72,b0bd36a9-4812-4251-ad85-1f863a7af823,0.00013493312495627997,4,false,false,true
b0bd36a9-4812-4251-ad85-1f863a7af823,aefe89a6-9ced-4224-bfa2-1728847e9297,0.00019905007743222314,4,false,false,true
b0bd36a9-4812-4251-ad85-1f863a7af823,3555242b-d23e-4638-9762-4d03c1ff0ef0,0.00013510441673672766,4,false,false,true
b0bd36a9-4812-4251-ad85-1f863a7af823,49457ee5-22b6-44df-a2a5-2b111527c57b,0.00016708638689286501,4,false,false,true
832f0239-245c-4dd2-b832-73580d2ad0d2,cf7bc8d3-2e2b-424c-a0ed-a93cd0392cc4,0.00017087690311654813,4,false,false,true
832f0239-245c-4dd2-b832-73580d2ad0d2,a9ee67d6-78d4-436a-bd09-8f92ea18b0b5,0.00008433752545597814,4,false,false,true
4753e481-9ac2-4325-be78-7596bc5a3d21,832f0239-245c-4dd2-b832-73580d2ad0d2,0.00009391237483749552,4,false,false,true
2d40b39d-1337-4346-a81b-a4adc014b33a,4753e481-9ac2-4325-be78-7596bc5a3d21,0.000014164619413824503,4,false,false,false
6dbca362-7a4b-4418-94d8-c2a079fbf6ca,2d40b39d-1337-4346-a81b-a4adc014b33a,0.0002583589503952961,4,false,false,false
dbd03892-40d4-429d-bd26-d6c64ae2b32e,c8c6f9ef-261d-4c29-aea2-a6babb90b193,0.00020509850087345433,4,false,false,true
e55b2dfc-898a-4778-a9db-690bb6fbb62d,c8c6f9ef-261d-4c29-aea2-a6babb90b193,0.0003267109065596376,4,false,false,true
c8c6f9ef-261d-4c29-aea2-a6babb90b193,2eb1af73-31fd-41a8-b4be-19fad756ee0c,0.00022955820042162592,4,false,false,true
2eb1af73-31fd-41a8-b4be-19fad756ee0c,dbd03892-40d4-429d-bd26-d6c64ae2b32e,0.00016779237345549504,4,false,false,true
2eb1af73-31fd-41a8-b4be-19fad756ee0c,6a300fa9-9ae6-4786-a47d-3af510d4f928,0.00019192001174081008,4,false,false,true
6a300fa9-9ae6-4786-a47d-3af510d4f928,a3eac146-caaa-4d3b-b88b-f2fe5c5369c8,0.000023740654995230095,4,false,false,false
a3eac146-caaa-4d3b-b88b-f2fe5c5369c8,4f69c1b9-d5a4-47e2-a01e-ef19e42cec04,0.00003357993446957915,4,false,false,false
776346e3-6631-4d95-9ab0-e12572e1effc,9b2dda68-9c90-4a34-89ba-005496a831c3,0.00012323075491173986,4,false,false,true
9b2dda68-9c90-4a34-89ba-005496a831c3,9971cb2a-970f-4257-ac1a-9dc0b2aa71b0,0.00023133569423073187,4,false,false,true
9b2dda68-9c90-4a34-89ba-005496a831c3,94f01264-068e-4931-9663-8827edb42a80,0.0002333214541112753,4,false,false,true
a5ea4eec-92d5-4ff6-a2ab-1bb03321088a,b110c67f-06cd-4601-998c-fc7bbeb40577,0.000060901749042158145,4,false,false,true
ee935521-f6de-48f2-be84-fc6032fe5239,a5ea4eec-92d5-4ff6-a2ab-1bb03321088a,0.00020600611430549333,4,false,false,true
ccf0a5bd-5549-4b1b-8508-6d3ff0971118,ee935521-f6de-48f2-be84-fc6032fe5239,0.00015742073019540427,4,false,false,true
8a7bdc1f-fdc4-4728-aef1-0ab2d3a09574,ccf0a5bd-5549-4b1b-8508-6d3ff0971118,0.00010548360364312772,4,false,false,true
4f6bb21b-70b8-48ba-a755-fae2b1e4cc43,ec03a514-2327-4d87-ae72-115797657c4f,0.0001390731668759583,4,false,false,true
ec03a514-2327-4d87-ae72-115797657c4f,584576c2-470b-4fb6-a0cf-2b22a291bc79,0.00006241750841079516,4,false,false,true
584576c2-470b-4fb6-a0cf-2b22a291bc79,41256b86-6498-4629-b2ed-90427912997a,0.0001465601712762145,4,false,false,true
41256b86-6498-4629-b2ed-90427912997a,4f6bb21b-70b8-48ba-a755-fae2b1e4cc43,0.0001457171078118092,4,false,false,true
ec03a514-2327-4d87-ae72-115797657c4f,439c91ae-64b9-48b7-9b0d-f5b293e32d2f,0.00016702338320766656,4,false,false,true
8fa1ad86-75d0-4296-a124-e8a519e84080,1cc998d6-5edd-4f9c-b940-a910d3cb39f9,0.00008398998895114228,4,false,false,true
1cc998d6-5edd-4f9c-b940-a910d3cb39f9,9ca4c48d-a2b0-4bde-989f-9acc5858484a,0.00012322851170258766,4,false,false,false
9ca4c48d-a2b0-4bde-989f-9acc5858484a,fc466797-2363-4543-8c99-1358f8d08db0,0.00017404923292425428,4,false,false,false
e01a3657-d728-4511-8248-8d03908b5439,f7992b5e-fd4d-4af0-b373-10f85e3c9764,0.00008289889346054182,4,false,false,true
70909da2-f5db-4b16-ba78-fafe48ea309e,ca57532f-e352-4bc0-b044-c72695897879,0.0001324662103444999,4,false,false,true
ca57532f-e352-4bc0-b044-c72695897879,ccb88e1a-b502-428f-a8e2-0b309f6f52ed,0.00016651248491198628,4,false,false,true
ca57532f-e352-4bc0-b044-c72695897879,b85a6a45-222d-453c-ad50-6a7e54d37e21,0.00016010176955078175,4,false,false,true
ca57532f-e352-4bc0-b044-c72695897879,60375bbd-bfda-4801-ba0d-ab8ca725312a,0.00015885886707868154,4,false,false,true
60375bbd-bfda-4801-ba0d-ab8ca725312a,4caafdcb-16c4-4d9b-a0fe-6b5d7d8e2703,0.0000727224014126497,4,false,false,false
4caafdcb-16c4-4d9b-a0fe-6b5d7d8e2703,b0ef939e-6d5f-4a96-a710-f133f244d792,0.00036079162703287566,4,false,false,false
b0ef939e-6d5f-4a96-a710-f133f244d792,6620276b-515b-4609-ab3a-936d0c9a99e4,0.0003271463955510188,4,false,false,false
6620276b-515b-4609-ab3a-936d0c9a99e4,467942f9-a6a4-4c36-b05a-ca47063f381e,0.0005958222533035895,4,false,false,false
6620276b-515b-4609-ab3a-936d0c9a99e4,b6f9c049-3cea-4a34-9438-1cea6daa624e,0.00010413102561860231,4,false,false,false
b6f9c049-3cea-4a34-9438-1cea6daa624e,0101b1a6-2ca3-4fc4-be6d-d3324c6f851c,0.00021145681197063548,4,false,false,false
0101b1a6-2ca3-4fc4-be6d-d3324c6f851c,34b68eb5-936d-4657-ba36-f112db6c0ae0,0.00012499586229765034,4,false,false,false
34b68eb5-936d-4657-ba36-f112db6c0ae0,79f3499d-25b0-4cf4-89b6-44971a236179,0.00017295635367107443,4,true,true,false
530c16fe-8035-4daf-ac6e-c8af91a74b86,4fbd4069-5868-4200-8180-7fcdecc12530,0.00011881740033851158,4,false,false,true
4fbd4069-5868-4200-8180-7fcdecc12530,36aed1ad-1702-48d0-8622-586615cb1225,0.0001437891648516517,4,false,false,true
9b1c6d27-b76b-4581-8a3f-6bf3749f721d,07b70b0b-ce61-420f-bafb-78346d967834,0.0001797587782803589,4,false,false,true
9b1c6d27-b76b-4581-8a3f-6bf3749f721d,a82c40da-e797-4373-a1ed-157409a67e39,0.0002058415936730496,4,false,false,true
645c63ec-b7a6-4361-86e0-6ae9ab67b852,9b1c6d27-b76b-4581-8a3f-6bf3749f721d,0.00022677536078939705,4,false,false,true
5fd901af-1e3c-4bbc-ad73-bc8afbaa9789,645c63ec-b7a6-4361-86e0-6ae9ab67b852,0.0002498701925689309,4,false,false,true
645c63ec-b7a6-4361-86e0-6ae9ab67b852,901eef61-1045-4653-9447-abd9b5903d8f,0.00011722355386480169,4,false,false,true
9b1c6d27-b76b-4581-8a3f-6bf3749f721d,ffe2476e-6255-40fd-bbc0-f83522802412,0.0002243180926829963,4,false,false,true
36ef3e63-b1db-4dae-8a8a-69c0a98ec5b3,d37bc267-e6ea-4a69-945b-07c1b6d11cff,0.0002146215084454641,4,false,false,true
d37bc267-e6ea-4a69-945b-07c1b6d11cff,55688148-5e6a-44ab-b5e8-7d6cccddb89a,0.00023864627056985045,4,false,false,true
8cb282e6-b13b-49ba-9659-a6ded7f0f701,b3212e75-4858-4b85-b0e1-1298f99955d0,0.0002973387402903967,4,false,false,true
b3212e75-4858-4b85-b0e1-1298f99955d0,9e1d7c2b-e9ec-45e0-bd9d-43ea5492585e,0.0003012770105191216,4,false,false,true
b3212e75-4858-4b85-b0e1-1298f99955d0,2b8cb7d5-5fd0-4793-93a9-0d8e634aff7d,0.00023120496255694202,4,false,false,true
8cb282e6-b13b-49ba-9659-a6ded7f0f701,382f91a5-4324-464c-9921-fe944906a9ea,0.0003546675330357279,4,false,false,true
197de2b7-a181-451f-ae16-9276b4b848a7,8cb282e6-b13b-49ba-9659-a6ded7f0f701,0.0003683980420212044,4,false,false,true
028c9e57-4a63-4094-92e3-2017ade20d5b,a2a93071-bac5-4f65-bba0-601b02d0d99a,0.0000898330142066032,4,false,false,false
3b74651b-764b-4138-bf03-6edcbf53c4d0,532d7caa-9023-4fc7-93e8-416b95e8c8f4,0.00004513675604847198,4,false,false,true
c35a455b-8dbf-4285-b838-ef54c9b77580,f7890e1c-8620-4453-8a5b-cdd725b75c50,0.0002682567340573545,4,false,false,false
f7890e1c-8620-4453-8a5b-cdd725b75c50,4264dc5f-5dd9-4251-8733-cd1ffebacbe2,0.0002253482138864743,4,false,false,false
f52882b7-bd42-4dcf-82b9-696984b57f83,9c497112-d9f0-4a6e-9143-c687ba6fd998,0.0002645449943415825,4,false,false,false
f52882b7-bd42-4dcf-82b9-696984b57f83,31f5fcf9-d094-4333-b6db-d97d02710981,0.0004126201650472419,4,false,false,false
31f5fcf9-d094-4333-b6db-d97d02710981,609ff6f5-0ccf-450c-b44f-2bf5380371de,0.0004881620407104492,4,false,false,false
9c497112-d9f0-4a6e-9143-c687ba6fd998,609ff6f5-0ccf-450c-b44f-2bf5380371de,0.00028153334156203955,4,false,false,false
609ff6f5-0ccf-450c-b44f-2bf5380371de,afd77a76-3ade-47dd-844c-2d1409ea32a3,0.00034198837072807464,4,false,false,false
afd77a76-3ade-47dd-844c-2d1409ea32a3,f52882b7-bd42-4dcf-82b9-696984b57f83,0.00035732140773839173,4,false,false,false
a206a727-2cf3-4961-8937-8a204016b90f,f52882b7-bd42-4dcf-82b9-696984b57f83,0.00011412265989682485,4,false,false,false
31f5fcf9-d094-4333-b6db-d97d02710981,afd77a76-3ade-47dd-844c-2d1409ea32a3,0.0005960354215177428,4,false,false,false
301173c7-aa5d-4e60-92c8-996e8f3affef,3ed370ae-6079-4d6a-9ae5-168f3fd3a37a,0.00017394723616107565,4,false,false,false
3ed370ae-6079-4d6a-9ae5-168f3fd3a37a,ccf3d601-4c8e-49f7-be31-8464ae5e5434,0.00028675791712131016,4,false,false,false
ccf3d601-4c8e-49f7-be31-8464ae5e5434,472d7de3-ddc2-413b-8ad6-f687ef0ef522,0.00011680256589192259,4,false,false,false
3ed370ae-6079-4d6a-9ae5-168f3fd3a37a,b1513a28-92d7-4de3-a39b-6ba7669b5dc2,0.0002370910523653478,4,false,false,false
3ed370ae-6079-4d6a-9ae5-168f3fd3a37a,6bf493e2-7745-44ae-ae44-8ee3247ebcda,0.000268102259622505,4,false,false,false
3ed370ae-6079-4d6a-9ae5-168f3fd3a37a,130962f3-1b0c-4cd4-8385-a9f0e13674df,0.0002843750209026183,4,false,false,false
130962f3-1b0c-4cd4-8385-a9f0e13674df,ca954edb-0bfd-46e2-a1b0-edc2c0d89b20,0.00011724797544848484,4,false,false,false
fab9efc9-762d-4ed7-a3e8-0548cd8955ce,d793ae86-dcc8-41d6-b459-bb39e6298007,0.0009151555316000954,4,false,false,false
d793ae86-dcc8-41d6-b459-bb39e6298007,2b960d6c-51c8-4b9c-a5b9-396d325f95e1,0.0006265576977809681,4,false,false,false
da6914de-32a5-4ade-bd7d-88e1759df40f,2b960d6c-51c8-4b9c-a5b9-396d325f95e1,0.00018850743306718718,4,false,false,false
d793ae86-dcc8-41d6-b459-bb39e6298007,da6914de-32a5-4ade-bd7d-88e1759df40f,0.0007801270641016455,4,false,false,false
d793ae86-dcc8-41d6-b459-bb39e6298007,31c26bfe-4f44-4bee-b3c3-8f5b6f926d3d,0.0007073070886308864,4,false,false,false
31c26bfe-4f44-4bee-b3c3-8f5b6f926d3d,da6914de-32a5-4ade-bd7d-88e1759df40f,0.0007279275464846827,4,false,false,false
31c26bfe-4f44-4bee-b3c3-8f5b6f926d3d,b5e2638d-d2e8-4a4b-8ccb-1e0d0c71ad0a,0.0006733222424390498,4,false,false,false
b5e2638d-d2e8-4a4b-8ccb-1e0d0c71ad0a,d793ae86-dcc8-41d6-b459-bb39e6298007,0.0005050461700203342,4,false,false,false
d793ae86-dcc8-41d6-b459-bb39e6298007,4d5f11e5-bd55-43a8-884e-7e864b698ac6,0.0006168919199181702,4,false,false,false
f26cbb94-860f-45f4-89d9-f27d9a82174e,4d5f11e5-bd55-43a8-884e-7e864b698ac6,0.0006058916425141777,4,false,false,false
d793ae86-dcc8-41d6-b459-bb39e6298007,f26cbb94-860f-45f4-89d9-f27d9a82174e,0.00031432357494086025,4,false,false,false
d793ae86-dcc8-41d6-b459-bb39e6298007,ce191f8d-72ea-4c00-b0b4-bd11172d46c5,0.0009397491243659135,4,false,false,false
fab9efc9-762d-4ed7-a3e8-0548cd8955ce,ce191f8d-72ea-4c00-b0b4-bd11172d46c5,0.000057119639716560025,4,false,false,false
ce191f8d-72ea-4c00-b0b4-bd11172d46c5,b5e2638d-d2e8-4a4b-8ccb-1e0d0c71ad0a,0.0006588222362386427,4,false,false,false
2b960d6c-51c8-4b9c-a5b9-396d325f95e1,f26cbb94-860f-45f4-89d9-f27d9a82174e,0.00047085347556320424,4,false,false,false
24693db4-2e94-45d7-ad2a-7136d1dc048c,77599057-1ca4-4373-8e6b-f08eb44652aa,0.0004463562452337385,4,false,false,false
0e38f45c-3cc6-45f3-b2f8-53c38d5cbceb,24693db4-2e94-45d7-ad2a-7136d1dc048c,0.0004806496596437629,4,false,false,false
77599057-1ca4-4373-8e6b-f08eb44652aa,0e38f45c-3cc6-45f3-b2f8-53c38d5cbceb,0.0004651279356023974,4,false,false,false
77599057-1ca4-4373-8e6b-f08eb44652aa,0df3e220-5c62-4ee7-bbe1-ff82a00129b7,0.00036599431096510937,4,false,false,false
0df3e220-5c62-4ee7-bbe1-ff82a00129b7,0b942d1d-9799-41b9-b017-cc2ca3479e67,0.00046432181183094867,4,false,false,false
0b942d1d-9799-41b9-b017-cc2ca3479e67,77599057-1ca4-4373-8e6b-f08eb44652aa,0.0004313351284329586,4,false,false,false
ed19d709-e598-4a6f-a36a-a5922922b155,5577c4fb-3f71-4e83-b72e-10e59a7c2070,0.0006097795594763659,4,false,false,false
5577c4fb-3f71-4e83-b72e-10e59a7c2070,fedf0253-4218-450b-ac60-ebfddc032916,0.0006007487988655687,4,false,false,false
5577c4fb-3f71-4e83-b72e-10e59a7c2070,9698c148-82a4-4fb3-b818-e073d5381628,0.0006841734647823486,4,false,false,false
5577c4fb-3f71-4e83-b72e-10e59a7c2070,e0af1f63-240c-4791-b84c-5eba97978d5b,0.0004715149936650972,4,false,false,false
5577c4fb-3f71-4e83-b72e-10e59a7c2070,2c5bbac8-05de-4a3e-8c89-b69be7a38147,0.000554771724247247,4,false,false,false
5577c4fb-3f71-4e83-b72e-10e59a7c2070,279bb44a-c919-4a77-96e9-f57b00818bdc,0.0005536472639036743,4,false,false,false
5577c4fb-3f71-4e83-b72e-10e59a7c2070,83f8d66f-bf30-4745-8f44-ce9e1dcce171,0.0008260101853957254,4,false,false,false
5577c4fb-3f71-4e83-b72e-10e59a7c2070,f1c6322e-53b8-4a16-8c93-b9d5bde4a549,0.0005648928235885491,4,false,false,false
5577c4fb-3f71-4e83-b72e-10e59a7c2070,2fa94a69-9c06-4c71-b2be-7e5089122ed6,0.0005280405191345702,4,false,false,false
5577c4fb-3f71-4e83-b72e-10e59a7c2070,bf9ce1eb-41b4-4ce6-b902-b43be0175f8c,0.0005239565071593756,4,false,false,false
5577c4fb-3f71-4e83-b72e-10e59a7c2070,7b0f0960-df3b-4a17-bc67-0238d823f42f,0.00047602428603780767,4,false,false,false
18dca7f6-fbd3-4251-aca0-08c2189a6ccd,2c53a00f-3c91-4414-8dc2-00402c75be37,0.0001011613588658284,4,false,false,false
df7198ea-5c63-496a-aeda-d4b4bb4c495c,18dca7f6-fbd3-4251-aca0-08c2189a6ccd,0.00010132671251347126,4,false,false,false
7555ac4e-c5bd-4c9e-9d05-2edf6f314da7,1433eea6-5ee3-4aea-9bee-3e3ec22fcb57,0.0007918661007765391,4,false,false,false
0f80e053-04d3-44cb-87eb-ad873f3a41c0,7555ac4e-c5bd-4c9e-9d05-2edf6f314da7,0.00034177526911975675,4,false,false,false
1433eea6-5ee3-4aea-9bee-3e3ec22fcb57,0f80e053-04d3-44cb-87eb-ad873f3a41c0,0.0010180164119012226,4,false,false,false
1433eea6-5ee3-4aea-9bee-3e3ec22fcb57,e7944bb4-d622-47ad-a847-a4b2cdbf33b3,0.0005816131006330462,4,false,false,false
7555ac4e-c5bd-4c9e-9d05-2edf6f314da7,e7944bb4-d622-47ad-a847-a4b2cdbf33b3,0.0005721012325392585,4,false,false,false
e7944bb4-d622-47ad-a847-a4b2cdbf33b3,f734385c-6113-4dde-a3cb-f5507625523e,0.0006197020504020394,4,false,false,false
1433eea6-5ee3-4aea-9bee-3e3ec22fcb57,f734385c-6113-4dde-a3cb-f5507625523e,0.000637773976596678,4,false,false,false
1433eea6-5ee3-4aea-9bee-3e3ec22fcb57,d5cd3b7a-23fb-468d-b038-29bda39cbf25,0.0011407777503393004,4,false,false,false
d5cd3b7a-23fb-468d-b038-29bda39cbf25,f0a9e442-752e-4f68-9050-7449a81a3570,0.0009529318738076814,4,false,false,false
1433eea6-5ee3-4aea-9bee-3e3ec22fcb57,f0a9e442-752e-4f68-9050-7449a81a3570,0.000958596852829576,4,false,false,false
59f25677-f4c1-4aa2-9dbb-42b26b682854,1433eea6-5ee3-4aea-9bee-3e3ec22fcb57,0.000895412641681869,4,false,false,false
59f25677-f4c1-4aa2-9dbb-42b26b682854,0f80e053-04d3-44cb-87eb-ad873f3a41c0,0.001473874608693298,4,false,false,false
f0a9e442-752e-4f68-9050-7449a81a3570,59f25677-f4c1-4aa2-9dbb-42b26b682854,0.0003384043986683006,4,false,false,false
6e827e2e-4dfe-4348-b487-c3ed2f0cbd8e,2dd037f2-3f67-4159-88f1-618bb3460efb,0.0005500651423346664,4,false,false,false
fe77d91c-de0e-45d3-83e3-ceeb053cab66,6e827e2e-4dfe-4348-b487-c3ed2f0cbd8e,0.0005715103093209215,4,false,false,false
fe77d91c-de0e-45d3-83e3-ceeb053cab66,b9d7b318-3382-46d7-a3bf-73a5e108ba18,0.0005032946420694082,4,false,false,false
6e827e2e-4dfe-4348-b487-c3ed2f0cbd8e,b9d7b318-3382-46d7-a3bf-73a5e108ba18,0.0006309540244137707,4,false,false,false
6e827e2e-4dfe-4348-b487-c3ed2f0cbd8e,6e7cd4d6-12fd-44c0-b612-4ca6b5a87126,0.0007309231431893109,4,false,false,false
e8b81942-e46b-4651-b30c-750d401682c5,6e7cd4d6-12fd-44c0-b612-4ca6b5a87126,0.00043962192071441705,4,false,false,false
6e827e2e-4dfe-4348-b487-c3ed2f0cbd8e,e8b81942-e46b-4651-b30c-750d401682c5,0.0004509522725658131,4,false,false,false
6e827e2e-4dfe-4348-b487-c3ed2f0cbd8e,d2c33dac-39c6-448e-bc90-24a86602ba86,0.0007869434192160564,4,false,false,false
d2c33dac-39c6-448e-bc90-24a86602ba86,fe77d91c-de0e-45d3-83e3-ceeb053cab66,0.00038962662996612225,4,false,false,false
4bf94800-01dc-4092-ba15-ceab2579405c,d2c33dac-39c6-448e-bc90-24a86602ba86,0.0005061919353415382,4,false,false,false
6e827e2e-4dfe-4348-b487-c3ed2f0cbd8e,4bf94800-01dc-4092-ba15-ceab2579405c,0.0004559423733080074,4,false,false,false
6e827e2e-4dfe-4348-b487-c3ed2f0cbd8e,026d5248-f3de-4df2-beb9-8783292ac9d5,0.0005346533920271027,4,false,false,false
2dd037f2-3f67-4159-88f1-618bb3460efb,026d5248-f3de-4df2-beb9-8783292ac9d5,0.00022145332359608963,4,false,false,false
026d5248-f3de-4df2-beb9-8783292ac9d5,4bf94800-01dc-4092-ba15-ceab2579405c,0.0004985029663023427,4,false,false,false
b9d7b318-3382-46d7-a3bf-73a5e108ba18,e8b81942-e46b-4651-b30c-750d401682c5,0.0006374548985367959,4,false,false,false
69fcda82-5ad2-4c5a-b440-d47f0a5ca4f5,03775d3a-9535-42bd-b955-ea40f41732f2,0.0005515186375339409,4,false,false,false
69fcda82-5ad2-4c5a-b440-d47f0a5ca4f5,9ef4368e-7d2f-4a8f-9bec-a07b48c8148b,0.0005622241904421436,4,false,false,false
9ef4368e-7d2f-4a8f-9bec-a07b48c8148b,f7fdcd92-53fb-43ae-b7ae-9634453670a0,0.00012616266295537333,4,false,false,false
f7fdcd92-53fb-43ae-b7ae-9634453670a0,075e5949-825e-4f3e-861f-82f40093535c,0.00019676775976978673,4,false,false,false
075e5949-825e-4f3e-861f-82f40093535c,03775d3a-9535-42bd-b955-ea40f41732f2,0.0005508816707721028,4,false,false,false
10dfe716-a881-47e2-a12f-85fc5228ac10,03775d3a-9535-42bd-b955-ea40f41732f2,0.00060493895106475,4,false,false,false
10dfe716-a881-47e2-a12f-85fc5228ac10,075e5949-825e-4f3e-861f-82f40093535c,0.0004933995590402112,4,false,false,false
6a68dac4-eae5-4957-a3e6-8fa948c783e7,10dfe716-a881-47e2-a12f-85fc5228ac10,0.0003251942670627934,4,false,false,false
03775d3a-9535-42bd-b955-ea40f41732f2,6a68dac4-eae5-4957-a3e6-8fa948c783e7,0.0006464702109300099,4,false,false,false
6fa9683c-9703-4182-8d73-33f9900074e9,03775d3a-9535-42bd-b955-ea40f41732f2,0.0005897714155723168,4,false,false,false
6a68dac4-eae5-4957-a3e6-8fa948c783e7,6fa9683c-9703-4182-8d73-33f9900074e9,0.00027560956500889434,4,false,false,false
c596d7e8-36a4-4628-8707-65d588db1485,6fa9683c-9703-4182-8d73-33f9900074e9,0.00045568589224658776,4,false,false,false
03775d3a-9535-42bd-b955-ea40f41732f2,c596d7e8-36a4-4628-8707-65d588db1485,0.0005642268683607922,4,false,false,false
38acd347-2c39-4e89-bb26-02442749213d,03775d3a-9535-42bd-b955-ea40f41732f2,0.0006668959043940149,4,false,false,false
c596d7e8-36a4-4628-8707-65d588db1485,38acd347-2c39-4e89-bb26-02442749213d,0.0004225129389741472,4,false,false,false
abcd2ef3-42d5-4f31-9ac5-c7ec818f5264,38acd347-2c39-4e89-bb26-02442749213d,0.00026045410228811566,4,false,false,false
b3b9db50-a356-4889-83fd-01f52a4ebda4,abcd2ef3-42d5-4f31-9ac5-c7ec818f5264,0.00030697712109157665,4,false,false,false
03775d3a-9535-42bd-b955-ea40f41732f2,b3b9db50-a356-4889-83fd-01f52a4ebda4,0.0007454568479530495,4,false,false,false
03775d3a-9535-42bd-b955-ea40f41732f2,5f9b8986-af98-4818-9c34-a1c5c3f030d4,0.0006557748623619997,4,false,false,false
5f9b8986-af98-4818-9c34-a1c5c3f030d4,69fcda82-5ad2-4c5a-b440-d47f0a5ca4f5,0.00022913865013858748,4,false,false,false
b3b9db50-a356-4889-83fd-01f52a4ebda4,5f9b8986-af98-4818-9c34-a1c5c3f030d4,0.00018523058850204886,4,false,false,false
410dfbcb-41e8-42a5-a1dd-f11b2e2f55a3,4ca3a987-9e75-4850-b80c-87119effbecb,0.0001132601933600004,4,false,false,false
b5ca1c83-1a2f-4b7b-8784-b2ec61263feb,52ad8e76-beef-4678-b56a-83cbbff3bb6e,0.00013429691710335398,4,false,false,false
9bf2c739-4f79-4aae-838a-f4c38f337f20,4b041564-beb2-4f15-8c51-cb6c5b28f955,0.00009321094882988375,4,false,false,false
13087878-c91d-48b6-b81a-d8ff63824677,9bf2c739-4f79-4aae-838a-f4c38f337f20,0.00003637075029592026,4,false,false,false
1de77a8e-5200-4b28-8ea8-911f8abed556,93d271b3-0e49-4be4-b4d0-5f06e8cdf349,0.00007929215277184334,4,false,false,false
9b84b47b-897a-4db4-8fc3-de241d17452a,f696606d-2636-473f-b046-2a2c614cb717,0.00032046240100506036,4,false,true,false
b80dc74c-52dd-499e-9e06-58605154b708,609b9301-abf5-49a1-838f-63fa5e745e1f,0.0001903000730440831,4,true,true,false
9136171a-0293-48c2-9e19-1f91f23aeb7b,157730d7-ee26-486f-a0f0-03f672c26225,0.00007287389376789939,4,false,false,false
a5957e49-93aa-4987-8b13-92ae9c87779f,9136171a-0293-48c2-9e19-1f91f23aeb7b,0.00035044691160703907,4,false,false,false
412e6512-fbb0-49ee-a864-6d538a74ebcf,a5957e49-93aa-4987-8b13-92ae9c87779f,0.00010067309239850113,4,false,false,false
412e6512-fbb0-49ee-a864-6d538a74ebcf,dc709b69-cee2-4785-86b2-40750ad1877a,0.0001363021702680862,4,false,false,false
412e6512-fbb0-49ee-a864-6d538a74ebcf,75500452-ca6a-4a75-bb7a-65371a31f499,0.000057150689901648485,4,false,false,false
476a1f5f-70fe-4d05-9d5b-fdc0a6fdaaf8,45db9cf5-0c2a-45e6-9b0b-bbd978b273a6,0.0005878694140964414,3,false,false,false
476a1f5f-70fe-4d05-9d5b-fdc0a6fdaaf8,d366960d-ae40-426e-92f1-1ed123da822f,0.00008399269897363622,4,false,false,false
d366960d-ae40-426e-92f1-1ed123da822f,d04143b9-5556-47ae-8cf9-d502990745e4,0.0003062743640389571,4,false,false,true
d04143b9-5556-47ae-8cf9-d502990745e4,fe250fba-bebd-42ff-ba7e-141798f49c03,0.0001342407093608534,4,false,false,true
fe250fba-bebd-42ff-ba7e-141798f49c03,a97168a4-561a-4e41-8712-998fbb25453f,0.00013164336862414965,4,false,false,true
4072a5c0-4ae0-4ce3-8e2d-f6df65060f7c,eb5522c9-94bc-4b70-8d9c-4685835d0994,0.0002517969469007506,3,false,false,false
e181f742-a53e-4425-bb8b-0eb67fd78b38,c4402167-0d67-481e-97f9-d1d9901cf701,0.00041989220917545706,3,false,false,false
c4402167-0d67-481e-97f9-d1d9901cf701,c9a342b5-10b7-44a9-8cd3-268d27834dbe,0.00012837996583279886,4,false,false,false
dab45b57-ecba-4ec6-9bd7-33c604412fc5,c9a342b5-10b7-44a9-8cd3-268d27834dbe,0.0006148183948540641,4,false,false,true
dab45b57-ecba-4ec6-9bd7-33c604412fc5,424b10bd-e30b-49c9-a49c-b6fec0e3951f,0.0001772194384056525,4,false,false,true
424b10bd-e30b-49c9-a49c-b6fec0e3951f,1521a6f7-9b7f-4459-8b4f-62f62dee3b18,0.00016759855617271143,4,false,false,true
1521a6f7-9b7f-4459-8b4f-62f62dee3b18,d4d824d4-5b80-4f2a-b8a1-25e02416a2d0,0.0002040364072415108,4,false,false,true
d4d824d4-5b80-4f2a-b8a1-25e02416a2d0,9e82a20a-6833-4fa3-ae08-822443967fe6,0.00033400700625083084,4,false,false,true
d4d824d4-5b80-4f2a-b8a1-25e02416a2d0,fe564e4c-b04b-4f7e-8f53-e89bfa6daac2,0.0001325158268171478,4,false,false,true
4264f27e-c9b8-48cb-824c-6c4ce002495f,d366960d-ae40-426e-92f1-1ed123da822f,0.000248664516475431,4,false,false,true
ba9f42d6-b6f8-4291-98ed-42b977af6c74,d721cd0b-0a80-464a-a447-c16e7bce7a4e,0.00025455579496026174,1,false,false,false
0485b12e-9d4f-4d6b-9a9e-18258253c733,72a967ac-3661-4b18-8e60-0490bebdcfb0,0.00025589750611118675,4,false,false,false
f1cb6b7d-fedf-47dd-8c68-48d19eb64ae0,72a967ac-3661-4b18-8e60-0490bebdcfb0,0.0002557872212943229,4,false,false,false
f62d796c-54fe-4e02-9659-f94a10ba132d,851aa9be-7a0e-4196-98bc-fcdc4694508b,0.0003940491787905428,4,false,false,false
19e88e05-49c3-40e2-aebb-6e076611b78b,f62d796c-54fe-4e02-9659-f94a10ba132d,0.00020994605013394772,4,false,false,false
36ac6076-3315-4a19-a489-6a6b0a259fbd,19e88e05-49c3-40e2-aebb-6e076611b78b,0.00034964286079737657,4,false,false,false
638ad41c-9577-476b-8a11-89e89da59cee,36ac6076-3315-4a19-a489-6a6b0a259fbd,0.00007994775364327196,4,false,false,false
1b38e399-60cb-4a13-976e-c4e6b5b7ac6b,638ad41c-9577-476b-8a11-89e89da59cee,0.00006792278963856354,4,false,false,false
b10a20cd-7405-44ad-8100-f83bd7a1438f,1b38e399-60cb-4a13-976e-c4e6b5b7ac6b,0.00008183692343047684,4,false,false,false
710b59f6-735c-4aa8-a701-be227ac94f99,b10a20cd-7405-44ad-8100-f83bd7a1438f,0.00009727051440290605,4,false,false,false
32c246b5-f773-47a3-99dc-f55873abe38f,710b59f6-735c-4aa8-a701-be227ac94f99,0.00010992697577488653,4,false,false,false
b6c008b3-2a2a-41fb-b802-ea0c93711e36,32c246b5-f773-47a3-99dc-f55873abe38f,0.00013861892080657375,4,false,false,false
0e179e08-c7eb-4e50-9c24-1426e75b3cb7,b6c008b3-2a2a-41fb-b802-ea0c93711e36,0.00030463719673771544,4,false,false,false
aa4a7493-5d18-4576-81c5-f56f7a5b63cb,0e179e08-c7eb-4e50-9c24-1426e75b3cb7,0.00009385406590000643,4,false,false,false
72fd19dc-04a4-40ab-b019-e01ad08dc8ec,aa4a7493-5d18-4576-81c5-f56f7a5b63cb,0.00012920307202860548,4,false,false,false
73694711-51a2-495a-ada9-cab4ae4edb53,72fd19dc-04a4-40ab-b019-e01ad08dc8ec,0.0001369305251607806,4,false,false,false
ed5dfc57-ae60-456a-947e-5e2477af933a,b6c008b3-2a2a-41fb-b802-ea0c93711e36,0.0002558981135682297,4,false,false,false
6b3d4db7-f159-4866-b856-bd08ca32943c,ed5dfc57-ae60-456a-947e-5e2477af933a,0.00018836160266475047,4,true,true,false
ed5dfc57-ae60-456a-947e-5e2477af933a,cfe162d6-defb-4b34-bd05-209a5084ee2f,0.00014813984782954486,4,false,false,false
cfe162d6-defb-4b34-bd05-209a5084ee2f,638ad41c-9577-476b-8a11-89e89da59cee,0.00016350622984955305,4,false,false,false
e4bf3132-a1f2-426a-86f0-0f954147e4b7,f085d8cd-7d4d-4c17-a4c9-43d3ef760b2e,0.000011999819493478554,4,false,false,false
43ddf3d2-926a-4b44-b5bd-7078e621c529,b4d8ba80-f627-4b16-bd06-55b1ce109051,0.00010393322620850124,4,false,false,false
bb511c79-9f3e-472c-a904-473d98e576ad,8c4553b0-eccd-4d08-94ff-923b2d6f8018,0.00010208711507499913,4,false,false,false
3462aa4c-f669-4b73-921f-97a7eab675a9,bb511c79-9f3e-472c-a904-473d98e576ad,0.00012373266634275608,4,false,false,false
98f0b6ac-2c71-4e27-b420-97fad53cd8b3,3462aa4c-f669-4b73-921f-97a7eab675a9,0.0004701720836499306,4,false,false,false
170ab1b5-5b24-49c1-9a6a-69734d3377b1,98f0b6ac-2c71-4e27-b420-97fad53cd8b3,0.00017086554103764345,4,false,false,false
98f0b6ac-2c71-4e27-b420-97fad53cd8b3,beafdb92-2875-4014-9972-6c579272f356,0.0001737205403416692,4,false,false,false
d7946f7c-7c95-4b30-991e-638c9f2a178a,a7e7ac73-20a8-4c2a-ad58-333a5e8f47a4,0.00023653986790743062,3,false,false,false
a7e7ac73-20a8-4c2a-ad58-333a5e8f47a4,fbe327de-0346-43fd-a816-eff0cd1b3d4c,0.00004817600707997148,3,false,false,false
02d7ee32-59c5-4456-bd8a-7c7c68c54b9d,100f4476-337b-457f-bad9-52d0a90eddcd,0.0004203304507946839,4,false,false,false
d566cd35-4069-4091-b4a9-7143f527af91,02d7ee32-59c5-4456-bd8a-7c7c68c54b9d,0.00047827811325911406,4,false,false,false
b8e6a581-5e6b-4566-8192-f933e19ab43d,409853c1-7fd9-4524-a609-a16f793c8019,0.00009253157222831122,4,false,false,false
f38776af-9c65-4cec-950e-3316e5f29809,b8e6a581-5e6b-4566-8192-f933e19ab43d,0.000161409663052208,4,false,false,false
4de93028-739c-41de-adde-e69c39e4c5a0,f38776af-9c65-4cec-950e-3316e5f29809,0.00015794278699529695,4,false,false,false
50e23615-3639-4797-be85-4f66962a2091,4de93028-739c-41de-adde-e69c39e4c5a0,0.0001439121397210724,4,false,false,false
206a7d82-149e-4d43-a119-e7fc81ab1657,50e23615-3639-4797-be85-4f66962a2091,0.00015242292667141583,4,false,false,false
774a908b-4f09-4fbe-9ca7-963baa60ee60,206a7d82-149e-4d43-a119-e7fc81ab1657,0.0001501407212772985,4,false,false,false
bdd480dc-2023-4f80-b1d3-235bf6b014b3,774a908b-4f09-4fbe-9ca7-963baa60ee60,0.0004148738213282717,4,false,false,false
c543f900-ee6f-49c1-8fe6-d0528da096c0,c2a1309d-2c76-4f59-918c-3a43bbf6b664,0.00030257419090589163,4,false,false,false
a7e2e1cd-f0ef-46ef-b42c-880f302d6a97,c543f900-ee6f-49c1-8fe6-d0528da096c0,0.00014445633825575023,4,false,false,false
800fdfeb-7b2e-41ee-9be5-5cbef9fcbcc3,a7e2e1cd-f0ef-46ef-b42c-880f302d6a97,0.00029825781160723613,4,false,false,false
947e6b26-932e-433b-a64f-111665e9ad14,800fdfeb-7b2e-41ee-9be5-5cbef9fcbcc3,0.00026858288319904505,4,false,false,false
aa2dc809-7bb6-4bca-978c-f9ff73696d43,947e6b26-932e-433b-a64f-111665e9ad14,0.0004305844202373656,4,false,false,false
05c4eca7-85eb-4339-886e-1ffa3c386e8e,aa2dc809-7bb6-4bca-978c-f9ff73696d43,0.00031858060833739516,4,false,false,false
c2a1309d-2c76-4f59-918c-3a43bbf6b664,05c4eca7-85eb-4339-886e-1ffa3c386e8e,0.0003634579675724953,4,false,false,false
c2a1309d-2c76-4f59-918c-3a43bbf6b664,80450cfb-f412-46f2-bf8a-04a2117e5abf,0.000415401340357269,4,false,false,false
80450cfb-f412-46f2-bf8a-04a2117e5abf,a7e2e1cd-f0ef-46ef-b42c-880f302d6a97,0.0003532625197127091,4,false,false,false
80450cfb-f412-46f2-bf8a-04a2117e5abf,aa2dc809-7bb6-4bca-978c-f9ff73696d43,0.00036547919499397224,4,false,false,false
80450cfb-f412-46f2-bf8a-04a2117e5abf,05c4eca7-85eb-4339-886e-1ffa3c386e8e,0.00022139836856216688,4,false,false,false
800953b4-d177-44eb-9a06-d2b9c841e6ff,dacc1e6c-317d-4099-b524-7dd2e9c6af31,0.00017171051124674095,4,true,true,false
d8717d14-75ec-45ce-a498-11a4f410d6a5,6afcf7c1-f408-4f61-b84c-6fd4a6acfc2a,0.000321000596723607,5,false,false,false
f17f1363-aada-436a-a3d4-bf57c3d49677,d8717d14-75ec-45ce-a498-11a4f410d6a5,0.0005482937468821499,5,false,false,false
befe33fe-4756-461f-a5a6-70562f535c87,f17f1363-aada-436a-a3d4-bf57c3d49677,0.00039030857070316714,5,false,false,false
2a655640-5478-4821-81e9-f93aa4503489,befe33fe-4756-461f-a5a6-70562f535c87,0.00034912794737851734,5,false,true,false
afb988a0-cb37-4032-a53c-73e178a05583,f17f1363-aada-436a-a3d4-bf57c3d49677,0.0001648644181086465,5,false,false,false
cda0ced4-b863-42d1-a681-e33713414ceb,afb988a0-cb37-4032-a53c-73e178a05583,0.0001504717530366259,5,false,false,false
cda0ced4-b863-42d1-a681-e33713414ceb,535e0e10-147c-4e8d-8f69-11cbe5bce640,0.0004956915308147003,5,false,false,false
a58e91ff-62cd-4954-88b1-f67b42da03a9,cda0ced4-b863-42d1-a681-e33713414ceb,0.000675965789354252,5,false,false,false
324cf65c-0c00-4a5c-a522-7e6dde770815,a58e91ff-62cd-4954-88b1-f67b42da03a9,0.0006603076153664638,5,false,false,false
0e7e2aec-3d64-430b-93b5-454a858f300e,324cf65c-0c00-4a5c-a522-7e6dde770815,0.00046484771361869577,5,false,false,false
3bb05680-3503-4fca-b554-d116e52eeed9,0e7e2aec-3d64-430b-93b5-454a858f300e,0.0003963841944031355,5,false,false,false
60a65d4b-8d5d-4c03-a170-8d7b06a0f520,3bb05680-3503-4fca-b554-d116e52eeed9,0.00020939599742942198,5,false,false,false
ccdc1f63-1b68-4254-b5aa-cd8a1956736d,60a65d4b-8d5d-4c03-a170-8d7b06a0f520,0.00045273918972550057,5,false,false,false
def9db97-8f67-4f67-bba4-7eead96111ac,ccdc1f63-1b68-4254-b5aa-cd8a1956736d,0.00017444196460404142,5,false,false,false
e3be9718-032d-48d2-a80f-8f33b8b9ba47,def9db97-8f67-4f67-bba4-7eead96111ac,0.0003535605361159828,5,false,false,false
3bb05680-3503-4fca-b554-d116e52eeed9,cc780325-888e-4dcd-8a1a-6102663b394b,0.0011150797857689492,5,false,false,false
cc780325-888e-4dcd-8a1a-6102663b394b,3b0f156d-2a62-4df5-832c-7a51c204d182,0.0007457056673034573,5,false,false,false
3b0f156d-2a62-4df5-832c-7a51c204d182,ee1177f8-3930-4fc4-8712-f9b21813b4e2,0.0008261203765869141,5,false,false,false
ee1177f8-3930-4fc4-8712-f9b21813b4e2,c791f574-4f48-4070-a9c0-8acb6c5aca7f,0.0008368492126464844,5,false,false,false
c791f574-4f48-4070-a9c0-8acb6c5aca7f,da09473c-5f38-45ab-9078-e155c1afef24,0.000805426848655383,5,false,false,false
da09473c-5f38-45ab-9078-e155c1afef24,60aefbc9-3374-4998-8db6-19566dab9cf0,0.0008170872864281865,5,false,false,false
60aefbc9-3374-4998-8db6-19566dab9cf0,06493e4d-07e3-4113-9008-e1b54720908f,0.0006466501765647426,5,false,false,false
06493e4d-07e3-4113-9008-e1b54720908f,14f4e28f-d109-49bf-89f3-331f8170b509,0.0005977036095916899,5,false,false,false
958b56b2-a77e-4365-b7a6-0589f2a7c2ea,feb3589e-e83b-4b73-b3a1-e364c5111bbb,0.00013563870602340095,5,false,true,false
958b56b2-a77e-4365-b7a6-0589f2a7c2ea,b33ad7a3-49fc-4d14-953b-77362fe2f8de,0.0006159997990253873,5,false,true,false
b33ad7a3-49fc-4d14-953b-77362fe2f8de,800953b4-d177-44eb-9a06-d2b9c841e6ff,0.00030183949081826644,5,false,true,false
800953b4-d177-44eb-9a06-d2b9c841e6ff,34b68eb5-936d-4657-ba36-f112db6c0ae0,0.00016720082381640157,5,false,true,false
35e02f9f-4ec6-40bf-bc6f-17a79677ac09,958b56b2-a77e-4365-b7a6-0589f2a7c2ea,0.000696183650230839,5,false,true,false
36ac6076-3315-4a19-a489-6a6b0a259fbd,8328bf21-3a52-4700-9e74-fd493db315ea,0.00015064115088831792,5,false,false,false
8328bf21-3a52-4700-9e74-fd493db315ea,9c56313a-7d1b-44e2-aac5-3670d2c5b055,0.00008850474703848789,5,false,false,false
9c56313a-7d1b-44e2-aac5-3670d2c5b055,a131c077-791b-4132-b81e-dcb330f3fa89,0.00017940312457709163,5,false,false,false
a131c077-791b-4132-b81e-dcb330f3fa89,e1c2c272-3fb8-4f18-8543-b6bb45780103,0.00024827535651452326,5,false,false,false
a131c077-791b-4132-b81e-dcb330f3fa89,a7552dbe-7bdc-44ed-9d66-0dfc53035a77,0.0001761281974779716,5,false,false,false
a7552dbe-7bdc-44ed-9d66-0dfc53035a77,7e167987-c2c2-4cea-a3e9-97e538fa7c5d,0.00022533289621426948,5,false,false,false
7e167987-c2c2-4cea-a3e9-97e538fa7c5d,858b7a88-b353-46e9-85e2-e0ba264f79c6,0.00036422912550480114,5,false,false,false
858b7a88-b353-46e9-85e2-e0ba264f79c6,7d25c2c1-b0ad-41ab-acf4-e7a073c40e20,0.0005002120074718438,5,false,false,false
7d25c2c1-b0ad-41ab-acf4-e7a073c40e20,4e9aa4b0-a6fb-4779-9354-2666378f0831,0.00033571077987176956,5,false,false,false
4e9aa4b0-a6fb-4779-9354-2666378f0831,80fdb658-262f-4208-a76a-84f1a4e39008,0.0004254070031558081,5,false,false,false
80fdb658-262f-4208-a76a-84f1a4e39008,6fe7f10a-19c7-49d6-bf65-ccd3527a8ce9,0.0003483153760059795,5,false,false,false
6fe7f10a-19c7-49d6-bf65-ccd3527a8ce9,280dfe7d-853a-4fe0-833c-a9dae44ac391,0.00046862040916453564,5,false,false,false
280dfe7d-853a-4fe0-833c-a9dae44ac391,dfd6ff1c-14a9-446b-9c34-3b95be1af113,0.0003385900454108928,5,false,false,false
dfd6ff1c-14a9-446b-9c34-3b95be1af113,7bc45a20-83d6-4ba6-bcf4-d7c6333fc0f6,0.00036974913248969874,5,false,false,false
7bc45a20-83d6-4ba6-bcf4-d7c6333fc0f6,9f494f6a-1fd4-4118-b2a0-d4fd3e15a88c,0.00031954719735358426,5,false,false,false
fc20a570-05aa-4584-bd82-02f0660910cf,fc466797-2363-4543-8c99-1358f8d08db0,0.0002970498973691439,5,false,true,false
10e35d23-5904-4160-ba20-0ee8915b943b,fc20a570-05aa-4584-bd82-02f0660910cf,0.0003615755196441644,5,false,true,false
3c7eca4b-6ad1-448d-a1f5-844cc6716fd0,10e35d23-5904-4160-ba20-0ee8915b943b,0.0002532600029334585,5,false,true,false
d3f4a79a-1aac-4834-aa0a-4ced6ca5afb1,3c7eca4b-6ad1-448d-a1f5-844cc6716fd0,0.0002923536716148096,5,false,true,false
bbe4c3dd-f997-4839-b8cc-7fe50608b6dd,d3f4a79a-1aac-4834-aa0a-4ced6ca5afb1,0.00026825673177677766,5,false,true,false
c4d44e31-46d8-4994-8202-8e6284d66473,bbe4c3dd-f997-4839-b8cc-7fe50608b6dd,0.00033256195244957634,5,false,true,false
7bf92994-e717-4ae7-bcfe-601b24a40cb3,c4d44e31-46d8-4994-8202-8e6284d66473,0.00034821405598199173,5,false,true,false
77baf89c-1c29-4bc3-9522-19412ef37992,7bf92994-e717-4ae7-bcfe-601b24a40cb3,0.00035941600799560547,5,false,true,false
2b144bee-6b29-4328-990a-7fed82084fde,77baf89c-1c29-4bc3-9522-19412ef37992,0.0003491279075990778,5,false,true,false
f4997d35-69cd-435d-a547-b401301a33fc,2b144bee-6b29-4328-990a-7fed82084fde,0.00024772605314007874,5,false,true,false
8265dfa4-1f41-4d28-ba33-a79a69893760,f4997d35-69cd-435d-a547-b401301a33fc,0.00014626445105534225,5,false,true,false
7ba1f338-364d-4f8d-bcc5-f15ed57986e9,8265dfa4-1f41-4d28-ba33-a79a69893760,0.0001401102310740558,5,false,true,false
8c06fcd0-bc87-4295-bb24-07e101ad2e53,7ba1f338-364d-4f8d-bcc5-f15ed57986e9,0.00012148804223937217,5,false,true,false
7db6d1da-21e4-4e9e-98e7-cfaaef666264,8c06fcd0-bc87-4295-bb24-07e101ad2e53,0.00014661658767060063,5,false,true,false
843697d2-8161-41b7-8c08-e265fb07be1a,7db6d1da-21e4-4e9e-98e7-cfaaef666264,0.00010935715493812684,5,false,true,false
2b144bee-6b29-4328-990a-7fed82084fde,dab938d8-b24a-4751-93f6-ac8ebfeb3931,0.0005708468251314191,5,false,true,false
dab938d8-b24a-4751-93f6-ac8ebfeb3931,2546e985-3e01-4c03-9d73-b2b27b73edb2,0.000668013734854575,5,false,true,false
fc466797-2363-4543-8c99-1358f8d08db0,117cf2aa-6cdc-4bc7-b72d-404a4d4ebea4,0.00064135075438159,5,false,true,false
f8905405-484f-45d9-8715-72e1d73a6945,35abee71-cee0-4fa1-88ed-6172429587e6,0.0001338238734547334,4,false,false,false
35abee71-cee0-4fa1-88ed-6172429587e6,cfc23c28-18ad-4451-90cf-92048eafdd31,0.000044167496777277815,4,false,false,false
a2139dd7-ea95-4ab2-8285-cc2d3f69b4f2,715fb96c-b67e-40b8-8791-c35ca2daab92,0.000036312646959693304,4,false,false,false
a2139dd7-ea95-4ab2-8285-cc2d3f69b4f2,cfc23c28-18ad-4451-90cf-92048eafdd31,0.00006016566794552958,4,false,false,false
f8905405-484f-45d9-8715-72e1d73a6945,08734777-2f82-404c-be20-4f4c64ce6029,0.00007620505209788787,4,false,false,false
90df64e5-f622-4caf-bc39-63f9afd2288e,f13c4fad-fc3b-42d6-8983-b10b0d30e94d,0.00006501245994362738,2,false,false,true
57dbbd9d-ef79-4551-b5f9-ef53159d20ce,f6443e75-6013-46b9-9337-3b33c1f3136c,0.0002448977016906738,1,false,false,false
f6443e75-6013-46b9-9337-3b33c1f3136c,79f3499d-25b0-4cf4-89b6-44971a236179,0.00011682769104831251,1,false,false,false
f13c4fad-fc3b-42d6-8983-b10b0d30e94d,874706c1-a8e6-4de5-a0e6-0c2d4be25f58,0.00007792840963481134,4,false,false,true
874706c1-a8e6-4de5-a0e6-0c2d4be25f58,fb29432a-447e-4729-8527-c3ef135f2c7e,0.00016079144353467283,4,false,false,false
874706c1-a8e6-4de5-a0e6-0c2d4be25f58,899a5f57-5bbf-40d4-8b13-ab3fbe153088,0.0002460483051706412,4,false,false,false
899a5f57-5bbf-40d4-8b13-ab3fbe153088,11d66398-fc0e-44db-904f-5d2f1caa84cd,0.00007482395039742403,4,false,false,false
11d66398-fc0e-44db-904f-5d2f1caa84cd,a2139dd7-ea95-4ab2-8285-cc2d3f69b4f2,0.0002867631880253515,4,false,false,false
11d66398-fc0e-44db-904f-5d2f1caa84cd,5fd28e1d-ed6b-4552-b4bf-5171fad03ce5,0.000027650120417981367,2,false,false,true
11d66398-fc0e-44db-904f-5d2f1caa84cd,90df64e5-f622-4caf-bc39-63f9afd2288e,0.0001829676572262214,3,false,false,true
9201c41e-16a1-48ab-9ec0-c2a6814acd0b,ee24758e-ce21-4077-9370-fd80e4682f4c,0.00008021850074110919,3,false,false,true
ee24758e-ce21-4077-9370-fd80e4682f4c,715fb96c-b67e-40b8-8791-c35ca2daab92,0.00016127849649668927,4,false,false,true
ee24758e-ce21-4077-9370-fd80e4682f4c,381bdc4e-41a8-4f2c-ad66-a07074eacfd3,0.00017082953417699168,3,false,false,true
ee24758e-ce21-4077-9370-fd80e4682f4c,cbbd52c7-0612-480e-a0fd-76d17e12ec3d,0.00017089703346249622,4,false,false,true
7260771f-d6e5-4b51-9d84-7fc8b47d4d3b,3fd34676-e236-4e2e-8793-8736735093e1,0.00014721923484599533,4,false,false,true
7260771f-d6e5-4b51-9d84-7fc8b47d4d3b,715fb96c-b67e-40b8-8791-c35ca2daab92,0.0002182898629698944,4,false,false,true
f6443e75-6013-46b9-9337-3b33c1f3136c,42850d8b-b62b-441d-81fd-800f44d80568,0.00007925565387587564,2,false,false,false
42850d8b-b62b-441d-81fd-800f44d80568,f13c4fad-fc3b-42d6-8983-b10b0d30e94d,0.0001418267365590675,2,false,false,true
08734777-2f82-404c-be20-4f4c64ce6029,bfd72d02-530c-4bb0-b39d-c16e48531242,0.000017471849809503142,3,false,false,false
bfd72d02-530c-4bb0-b39d-c16e48531242,eee39f63-799c-4870-8a74-ebbf36fd6a38,0.00021551788065251917,3,false,false,true
1e4aef9c-89bf-45a9-b8c7-8d470511d5b6,62efb1f1-d0a0-4844-b68e-d878bd80c623,0.00026590211460178427,4,false,false,true
abfc8e61-28c0-4fb7-b76c-a48f74d62880,04574971-9b93-4e97-a09d-26f44e4f29c1,0.00028417132840914683,4,false,false,true
62efb1f1-d0a0-4844-b68e-d878bd80c623,04574971-9b93-4e97-a09d-26f44e4f29c1,0.00027440081670370586,4,false,false,true
abfc8e61-28c0-4fb7-b76c-a48f74d62880,62efb1f1-d0a0-4844-b68e-d878bd80c623,0.00022912538238831768,4,false,false,true
72dd1570-300b-4e35-ad98-fb761c71bf43,1e4aef9c-89bf-45a9-b8c7-8d470511d5b6,0.00010430068375291392,4,false,false,true
5fd28e1d-ed6b-4552-b4bf-5171fad03ce5,206e4b79-621d-43a0-914c-93a2e898e266,0.00007475643855856086,3,false,false,true
206e4b79-621d-43a0-914c-93a2e898e266,fc40b467-86cf-4455-bfcc-f0bfc9cca3fa,0.00028854551348397585,3,false,false,true
90df64e5-f622-4caf-bc39-63f9afd2288e,3fd34676-e236-4e2e-8793-8736735093e1,0.00004565164191568837,3,false,false,true
9201c41e-16a1-48ab-9ec0-c2a6814acd0b,7260771f-d6e5-4b51-9d84-7fc8b47d4d3b,0.0002117867832730918,3,false,false,true
7260771f-d6e5-4b51-9d84-7fc8b47d4d3b,6a220157-31fc-44aa-9028-8f8bb4ee4d5c,0.00004727496229386517,3,false,false,true
6a220157-31fc-44aa-9028-8f8bb4ee4d5c,206e4b79-621d-43a0-914c-93a2e898e266,0.00013805736158417007,3,false,false,true
0420415f-640f-453f-9106-29dfd7376c55,dbd088c4-1ee8-4d34-ba64-5c6f8b0ea116,0.00004888042076230633,3,false,false,true
dbd088c4-1ee8-4d34-ba64-5c6f8b0ea116,e55b2dfc-898a-4778-a9db-690bb6fbb62d,0.00003148955478849168,3,false,false,true
d97c9cc5-860c-427e-a956-b71c0b7eb6ec,b79a4b02-01c9-4cdc-bf3f-646199992c15,0.000180391567264082,3,false,false,false
d89c6506-ebb0-4f98-8646-01f282f749b7,58696569-3738-4fe9-abf4-5f6a6782819f,0.0003917840378489486,3,true,true,false
14e7b714-951c-4a13-a05a-4ea0819a3a5a,e6c29a50-4a9b-40af-8b84-b3e94258de62,0.000052137480468949605,3,false,false,false
e6c29a50-4a9b-40af-8b84-b3e94258de62,8d6d2c42-3aeb-4d00-83f2-4977c39b6324,0.0004077724666239046,3,false,false,false
8d6d2c42-3aeb-4d00-83f2-4977c39b6324,d5dc10e4-22a8-404c-8ff2-ac6c659e1a44,0.00022668239584502863,3,false,false,false
8d6d2c42-3aeb-4d00-83f2-4977c39b6324,d89c6506-ebb0-4f98-8646-01f282f749b7,0.000217775316593601,3,false,false,false
38932626-0016-4faa-a333-113dd95ca4db,14e7b714-951c-4a13-a05a-4ea0819a3a5a,0.00021953821183120267,4,false,false,true
e6c29a50-4a9b-40af-8b84-b3e94258de62,6c71b55d-69c4-4380-a0a3-edf5ec6bab98,0.000092543942354094,3,false,false,false
1d46a854-19ab-4523-90a2-a6d02f9d6e5e,6147c0df-bf1c-4a60-9fa1-d84133845938,0.00009067673224943933,4,false,false,false
6147c0df-bf1c-4a60-9fa1-d84133845938,254f2919-fc66-4610-8e4e-7703cf9087f0,0.00008018665287866626,4,false,false,false
5ac8d891-c433-4b3b-9f1f-a3325af24396,6147c0df-bf1c-4a60-9fa1-d84133845938,0.0004769130781891024,4,false,true,false
5ac8d891-c433-4b3b-9f1f-a3325af24396,d89c6506-ebb0-4f98-8646-01f282f749b7,0.00013544825310085222,3,false,false,false
6808517e-eb70-400d-a15e-9922990fe4ea,f696606d-2636-473f-b046-2a2c614cb717,0.00010684341060195546,2,false,false,false
a0b55ff9-8239-408e-b65b-2150c892af66,ba488f22-06e1-430d-8927-96797ebc6752,0.00022896515584958522,4,false,false,false
e68686b2-f7ae-40c8-aec5-93b8a713c452,6d3c05b6-dfa0-4dbc-91e5-06461b2f22de,0.00006639058105813242,4,false,false,false
515cc3a8-ae47-4a7a-ae7e-94aa1d50fa53,a0b55ff9-8239-408e-b65b-2150c892af66,0.00024989065128178697,5,true,true,false
515cc3a8-ae47-4a7a-ae7e-94aa1d50fa53,21df7b1c-dbbc-4f33-bf8a-1a42f9cbf5c8,0.0002967095356727612,4,true,true,false
e68686b2-f7ae-40c8-aec5-93b8a713c452,05fe32aa-6946-4c11-8be8-2d3c5eebbe5b,0.00016838489026693967,4,false,false,false
b0a34a52-ee96-4520-81f9-3bb5c24922f0,a0b55ff9-8239-408e-b65b-2150c892af66,0.00043787560397731494,4,false,false,false
2b1550f0-08ad-4700-a822-a4fc24174e94,ec25c3a4-c543-4f43-aa04-65edacb76d8e,0.00012110067779298121,4,false,false,true
2b1550f0-08ad-4700-a822-a4fc24174e94,02b056fe-d891-4522-bf65-726c207512a7,0.00010670431145334218,4,false,false,true
981c0470-8556-49e6-a8c0-876941b93590,05fe32aa-6946-4c11-8be8-2d3c5eebbe5b,0.000047469518961354605,4,false,false,false
b0a34a52-ee96-4520-81f9-3bb5c24922f0,02b056fe-d891-4522-bf65-726c207512a7,0.00009389374708729626,4,false,false,false
b0a34a52-ee96-4520-81f9-3bb5c24922f0,c30ac789-2075-41a5-8a12-3d34f54071f3,0.00008922346183379973,4,false,false,false
df442997-112d-4d8a-9709-66f20a69fa59,5d04a300-3087-41cd-ac9f-767c8213bfaa,0.0002899770363175561,4,false,false,true
8878b7ca-87f4-4256-b012-710f2692431b,3f97edff-6fa8-42dc-a2a7-2c7f197291ec,0.00010354774772075008,4,false,false,false
3f97edff-6fa8-42dc-a2a7-2c7f197291ec,1535bb6e-360c-438c-9671-7120914d2c2f,0.00013892087421399596,4,false,false,false
05fe32aa-6946-4c11-8be8-2d3c5eebbe5b,b0a34a52-ee96-4520-81f9-3bb5c24922f0,0.00029553782628714825,4,false,false,false
e6467f61-8034-4ff1-8e82-312e8c2435d5,a004abcb-b1fa-41f1-81d0-f7374c81b9a0,0.0002781598658405317,4,false,false,false
a004abcb-b1fa-41f1-81d0-f7374c81b9a0,43df1b9a-e210-4bcf-a738-3c6b2f1f89e4,0.00015157582436025517,4,false,false,false
4f14ddc4-8625-4c4a-8ade-0816f99c9051,29abf300-4225-42c1-883a-1dc7d66442ad,0.000167863306109164,4,false,false,false
29abf300-4225-42c1-883a-1dc7d66442ad,a0077958-3831-4e9f-b35d-06299192d88b,0.0002793298138384913,4,false,false,false
43df1b9a-e210-4bcf-a738-3c6b2f1f89e4,4f14ddc4-8625-4c4a-8ade-0816f99c9051,0.00039818137130495494,4,false,false,false
d19a1884-a35c-4b84-89e2-3028a2fdf871,21df7b1c-dbbc-4f33-bf8a-1a42f9cbf5c8,0.00007557149123810507,4,false,false,false
43df1b9a-e210-4bcf-a738-3c6b2f1f89e4,e2c1a190-bb0a-4c76-aacc-66d3c48a02fc,0.00017285426378002287,4,false,false,false
e2c1a190-bb0a-4c76-aacc-66d3c48a02fc,d19a1884-a35c-4b84-89e2-3028a2fdf871,0.00011128012466225928,4,false,false,false
41256b86-6498-4629-b2ed-90427912997a,e2c1a190-bb0a-4c76-aacc-66d3c48a02fc,0.00011104303458485663,4,false,false,false
e6467f61-8034-4ff1-8e82-312e8c2435d5,8878b7ca-87f4-4256-b012-710f2692431b,0.0001094902662416543,4,false,false,false
29abf300-4225-42c1-883a-1dc7d66442ad,c2a1309d-2c76-4f59-918c-3a43bbf6b664,0.00025637783129860354,5,false,true,false
013fab45-2f71-41f9-8fa8-7483b37661ce,e181f742-a53e-4425-bb8b-0eb67fd78b38,0.00014957547029879098,4,false,false,false
e181f742-a53e-4425-bb8b-0eb67fd78b38,55e9fc85-f139-436a-addc-3a6642f9a1f9,0.00015141365120987884,4,false,false,false
55e9fc85-f139-436a-addc-3a6642f9a1f9,dab45b57-ecba-4ec6-9bd7-33c604412fc5,0.00012451501622888175,4,false,false,true
013fab45-2f71-41f9-8fa8-7483b37661ce,424b10bd-e30b-49c9-a49c-b6fec0e3951f,0.000060041796587752056,4,false,false,true
a97168a4-561a-4e41-8712-998fbb25453f,9b57c5f9-82c0-4a9a-b09e-72442e401fe6,0.00007049474734315492,4,false,false,false
9b57c5f9-82c0-4a9a-b09e-72442e401fe6,dab45b57-ecba-4ec6-9bd7-33c604412fc5,0.00004879161978577665,4,false,false,true
75500452-ca6a-4a75-bb7a-65371a31f499,d7946f7c-7c95-4b30-991e-638c9f2a178a,0.0004261677826768321,3,false,false,false
75500452-ca6a-4a75-bb7a-65371a31f499,476a1f5f-70fe-4d05-9d5b-fdc0a6fdaaf8,0.0003746615181945762,3,false,false,false
a97168a4-561a-4e41-8712-998fbb25453f,4141b133-47c5-4fb0-b491-fb5e09300378,0.001286658229925081,5,false,true,false
4141b133-47c5-4fb0-b491-fb5e09300378,9a0bf231-431c-4a38-a843-9a3f55bd0afe,0.00013681054372902091,5,false,true,false
9a0bf231-431c-4a38-a843-9a3f55bd0afe,befe33fe-4756-461f-a5a6-70562f535c87,0.00023688255839976848,5,false,true,false
f734385c-6113-4dde-a3cb-f5507625523e,64485c57-60a8-4eda-a414-ea4b3b587eed,0.0007153006940926747,4,false,false,false
64485c57-60a8-4eda-a414-ea4b3b587eed,d5cd3b7a-23fb-468d-b038-29bda39cbf25,0.00029915505190206035,4,false,false,false
64485c57-60a8-4eda-a414-ea4b3b587eed,774a908b-4f09-4fbe-9ca7-963baa60ee60,0.000487515125961394,4,true,true,false
774a908b-4f09-4fbe-9ca7-963baa60ee60,31c26bfe-4f44-4bee-b3c3-8f5b6f926d3d,0.00016649380856575142,4,false,false,false
bdd480dc-2023-4f80-b1d3-235bf6b014b3,b4d8ba80-f627-4b16-bd06-55b1ce109051,0.0003706108427964006,3,false,false,false
6137dcf3-01f3-4f3a-9422-c296e05b6cda,d02a1ff1-95cf-4e5c-bd99-4e0aca1fa778,0.00008936898186717008,3,false,false,false
d02a1ff1-95cf-4e5c-bd99-4e0aca1fa778,5cd9f4dc-533d-4bd3-afaf-4ec394ba0a35,0.00009111034723200174,3,false,false,false
257c4f23-9fe2-4677-a356-6a95a25353a2,3ae7ba7c-ea51-40a6-a16c-3ae9f764a248,0.00016894235554497952,2,false,false,false
3ae7ba7c-ea51-40a6-a16c-3ae9f764a248,b79a4b02-01c9-4cdc-bf3f-646199992c15,0.0004292147507162261,2,false,false,false
3ae7ba7c-ea51-40a6-a16c-3ae9f764a248,d02a1ff1-95cf-4e5c-bd99-4e0aca1fa778,0.00021904071400679977,3,true,true,false
a5ea4eec-92d5-4ff6-a2ab-1bb03321088a,7a2e204e-824e-4eba-b8a5-20d92fed6d84,0.0005558245860256838,4,false,false,true
e4d92d88-39c9-4b67-bed8-61d44fa7bd55,eb87c3af-0aa7-4032-81f1-b84d54a93d3d,0.0001816418856521427,3,false,false,false
eb87c3af-0aa7-4032-81f1-b84d54a93d3d,f95201dd-460c-4e98-966b-d167c0fa7b17,0.00019968694452824918,3,false,false,false
a68e4909-3c42-4869-afca-9b0b3e047e70,eb87c3af-0aa7-4032-81f1-b84d54a93d3d,0.0001286061920480778,3,false,false,false
eb87c3af-0aa7-4032-81f1-b84d54a93d3d,3d65f6cc-49b7-46ee-921b-7e3d824b795d,0.00007909980409021649,3,false,false,false
c0105ffe-8cb4-40ba-89c4-a4a106d6f187,79fe8f45-ce2d-4df3-981f-b0d7cddda37a,0.00014383445137865954,3,false,false,false
c0105ffe-8cb4-40ba-89c4-a4a106d6f187,f95201dd-460c-4e98-966b-d167c0fa7b17,0.00030142319787467654,3,false,false,false
c0105ffe-8cb4-40ba-89c4-a4a106d6f187,e4d92d88-39c9-4b67-bed8-61d44fa7bd55,0.00045375078153757104,3,false,false,false
5aec3c9f-158b-4d10-8e20-75c1623d9071,15435642-fdc6-42b1-bad8-a64a04731a92,0.00008788228963683104,3,false,false,false
5aec3c9f-158b-4d10-8e20-75c1623d9071,e79a1917-97a8-4ed5-aff1-da1d7576a1db,0.00006919562371146423,4,false,false,false
65b354fd-fed9-41c8-a876-97696b650f8b,e79a1917-97a8-4ed5-aff1-da1d7576a1db,0.00005975542931287648,4,false,false,false
b32cec03-c0e8-4e4b-a101-b9a3cd7011e8,0ac82c23-8582-4a3a-905b-3216c03cc641,0.0005145213928821694,1,false,false,false
50f67d74-9b5b-45c2-b216-a0e69d26fb0a,0ac82c23-8582-4a3a-905b-3216c03cc641,0.000042692099152299114,1,false,false,false
50f67d74-9b5b-45c2-b216-a0e69d26fb0a,2dd037f2-3f67-4159-88f1-618bb3460efb,0.00018054583768864905,3,false,false,false
2dd037f2-3f67-4159-88f1-618bb3460efb,6e7cd4d6-12fd-44c0-b612-4ca6b5a87126,0.0006401658454710219,4,false,false,false
fab9efc9-762d-4ed7-a3e8-0548cd8955ce,73f66300-44ff-4ff1-add4-af3709f60be5,0.0004955540533416697,4,false,false,false
73f66300-44ff-4ff1-add4-af3709f60be5,4d5f11e5-bd55-43a8-884e-7e864b698ac6,0.00036179085283010625,4,false,false,false
73f66300-44ff-4ff1-add4-af3709f60be5,d793ae86-dcc8-41d6-b459-bb39e6298007,0.0007281316752443771,4,false,false,false
3e62cdf2-d2e8-44b5-b297-a6053c6f54dc,1f70292e-3ba2-4a9b-ad0c-da6187195307,0.0000778169754724445,1,false,false,false
1f70292e-3ba2-4a9b-ad0c-da6187195307,50f67d74-9b5b-45c2-b216-a0e69d26fb0a,0.0004837019843199786,1,false,false,false
3e62cdf2-d2e8-44b5-b297-a6053c6f54dc,6e7cd4d6-12fd-44c0-b612-4ca6b5a87126,0.00013661075315037156,3,false,false,false
b876497d-93d4-4aca-afc5-2b548d6265de,402977dd-883f-4762-adf1-622beca66253,0.000102732736299882,4,true,true,false
dacc1e6c-317d-4099-b524-7dd2e9c6af31,a2699995-7d76-4bc2-99a4-f5b23059d944,0.00012010347788508282,3,false,false,false
dacc1e6c-317d-4099-b524-7dd2e9c6af31,409409b4-730a-485e-aeeb-69f284cbbd16,0.00031206773373804804,1,false,false,false
d7946f7c-7c95-4b30-991e-638c9f2a178a,9b80c0eb-7808-4bae-b145-9da42e8ee1f9,0.00043020923403740217,3,false,false,false
9b80c0eb-7808-4bae-b145-9da42e8ee1f9,eb5522c9-94bc-4b70-8d9c-4685835d0994,0.000558989926301477,3,false,false,false
9b80c0eb-7808-4bae-b145-9da42e8ee1f9,a97168a4-561a-4e41-8712-998fbb25453f,0.0005956060402411738,4,false,false,false
c4402167-0d67-481e-97f9-d1d9901cf701,eb5522c9-94bc-4b70-8d9c-4685835d0994,0.0004080728122061559,3,false,false,false
feb3589e-e83b-4b73-b3a1-e364c5111bbb,45db9cf5-0c2a-45e6-9b0b-bbd978b273a6,0.00009343870941678075,1,false,false,false
472d7de3-ddc2-413b-8ad6-f687ef0ef522,28422795-22a7-4f05-9411-0935946a98ae,0.00011941212922242844,3,false,false,false
402977dd-883f-4762-adf1-622beca66253,fbe327de-0346-43fd-a816-eff0cd1b3d4c,0.0008636832819075025,1,false,false,false
60f80815-b6da-4d09-a1de-32bc1bc33796,dc709b69-cee2-4785-86b2-40750ad1877a,0.00021741743028068575,3,true,true,false
dc709b69-cee2-4785-86b2-40750ad1877a,157730d7-ee26-486f-a0f0-03f672c26225,0.0005170540519824966,1,false,false,false
